,FECHA,TIPO GASTO,TC,TOTAL SAT
0,2021-01-01,COMISION BANCARIA,1.0,568.4
1,2021-01-01,COMISION BANCARIA,1.0,400.2
3,2021-01-01,ARRENDAMIENTO FINANCIERO,1.0,6439.6
4,2021-01-01,ARRENDAMIENTO FINANCIERO,1.0,6440.3
7,2021-01-01,NO DEDUCIBLE,1.0,599.0
8,2021-01-01,NO DEDUCIBLE,1.0,335.37
9,2021-01-01,NO DEDUCIBLE,1.0,495.64
10,2021-01-01,PAQUETERIA,1.0,0.0
17,2021-01-01,MTTO COMPUTO,1.0,417.6
18,2021-01-01,ARRENDAMIENTO FINANCIERO,1.0,0.0
19,2021-01-01,ARRENDAMIENTO FINANCIERO,1.0,0.0
22,2021-01-01,COMISION BANCARIA,1.0,0.0
23,2021-01-01,COMISION BANCARIA,1.0,172.1
25,2021-01-01,TELEFONO,1.0,2527.34
26,2021-01-01,TELEFONO,1.0,549.01
29,2021-01-01,MTTO COMPUTO,1.0,392.08
30,2021-01-01,NO DEDUCIBLE,1.0,605.65
31,2021-01-01,NO DEDUCIBLE,1.0,198.0
33,2021-01-01,ALIMENTOS,1.0,399.0
34,2021-01-01,MTTO COMPUTO,1.0,45.01
35,2021-01-01,MTTO LOCAL,1.0,1972.0
36,2021-01-01,COMISION BANCARIA,1.0,0.0
37,2021-01-01,COMISION BANCARIA,19.9087,0.0
40,2021-01-01,PAQUETERIA,1.0,0.0
41,2021-01-01,COMISION BANCARIA,1.0,168.5
50,2021-01-01,MONITOREO CAMARAS ADT,1.0,1400.65
52,2021-01-01,SUELDOS VENTAS,1.0,8960.82
53,2021-01-01,SUELDOS PRODUCCION,1.0,18717.37
57,2021-01-01,PAQUETERIA,1.0,384.59
58,2021-01-01,COMISION BANCARIA,1.0,17.5
59,2021-01-01,SUELDOS PRODUCCION,1.0,15653.83
64,2021-01-01,HONORARIOS CONTABLES,1.0,4766.66
66,2021-01-01,COMISION BANCARIA,1.0,540.35
68,2021-01-01,PAQUETERIA,1.0,266.8
71,2021-01-01,TELEFONO,1.0,0.0
72,2021-01-01,PAQUETERIA,1.0,436.8
75,2021-01-01,NO DEDUCIBLE,1.0,639.19
76,2021-01-01,MONITOREO CAMARAS ADT,1.0,0.0
79,2021-01-01,NO DEDUCIBLE,1.0,1353.5
80,2021-01-01,GASOLINA,1.0,19625.94
82,2021-01-01,COMISION BANCARIA,1.0,444.04
86,2021-01-01,FLETES,1.0,72.0
87,2021-01-01,PAPELERIA,1.0,288.7
88,2021-01-01,COMISION BANCARIA,1.0,162.5
89,2021-01-01,MEDICOS,1.0,468.0
92,2021-01-01,ENERGIA ELECTRICA,1.0,3781.4
93,2021-01-01,SUELDOS DIRECCION,1.0,49413.78
94,2021-01-01,CAPACITACION,1.0,6349.2
95,2021-01-01,CAPACITACION,1.0,0.0
97,2021-01-01,GASOLINA,1.0,729.77
98,2021-01-01,COMISION BANCARIA,1.0,113.67
99,2021-01-01,PAPELERIA,1.0,1360.06
103,2021-01-01,TELEFONO,1.0,261.32
107,2021-01-01,SUELDOS VENTAS,1.0,26324.21
108,2021-01-01,SUELDOS PRODUCCION,1.0,18639.63
110,2021-01-01,MEDICOS,1.0,8700.0
113,2021-01-01,PAQUETERIA,1.0,3403.05
114,2021-01-01,COMISION BANCARIA,1.0,78.92
115,2021-01-01,SEGUROS,1.0,0.0
116,2021-01-01,SUELDOS PRODUCCION,1.0,19620.09
117,2021-01-01,MAQUILAS,1.0,45820.0
118,2021-01-01,MAQUILAS,1.0,0.0
119,2021-01-01,RENTA COPIADORA,1.0,2320.0
120,2021-01-01,CAPACITACION,1.0,0.0
124,2021-01-01,GERENCIA ADMON,1.0,26693.32
125,2021-01-01,COMISION BANCARIA,1.0,33.7
130,2021-01-01,SUSCRIPCIONES,1.0,197.4
133,2021-01-01,MTTO LOCAL,1.0,2064.8
138,2021-01-01,COMISION BANCARIA,1.0,4.8
142,2021-01-01,SANITIZACION,1.0,1418.8
143,2021-01-01,MTTO LOCAL,1.0,116.0
147,2021-01-01,GASOLINA,1.0,500.0
149,2021-01-01,COMISION BANCARIA,1.0,370.48
152,2021-01-01,PAQUETERIA,1.0,133.45
154,2021-01-01,ENERGIA ELECTRICA,1.0,0.0
157,2021-01-01,MTTO COMPUTO,1.0,250.0
163,2021-01-01,PAPELERIA,1.0,1646.83
164,2021-01-01,TELEFONO,1.0,0.0
165,2021-01-01,TELEFONO,1.0,0.0
167,2021-01-01,SUELDOS VENTAS,1.0,9963.18
169,2021-01-01,SUELDOS PRODUCCION,1.0,16773.81
170,2021-01-01,UNIFORME,1.0,4785.81
171,2021-01-01,PAQUETERIA,1.0,3287.46
172,2021-01-01,GASOLINA,1.0,200.0
173,2021-01-01,COMISION BANCARIA,1.0,74.92
174,2021-01-01,SUELDOS PRODUCCION,1.0,24608.79
176,2021-01-01,PAQUETERIA,1.0,0.0
177,2021-01-01,RENTA COPIADORA,1.0,0.0
178,2021-01-01,DERECHOS,1.0,1037.0
181,2021-01-01,COMISION BANCARIA,1.0,113.13
184,2021-01-01,MEDICOS,1.0,9000.0
185,2021-01-01,TELEFONO,1.0,398.99
187,2021-01-01,SEGUROS,1.0,0.0
188,2021-01-01,TELEFONO,1.0,0.0
191,2021-01-01,TELEFONO,1.0,0.0
192,2021-01-01,COMISION BANCARIA,1.0,0.0
200,2021-01-01,IMSS/INFONAVIT,1.0,16579.62
202,2021-01-01,COMISION BANCARIA,1.0,77.25
205,2021-01-01,MTTO COMPUTO,1.0,2267.8
207,2021-01-01,COMISION BANCARIA,1.0,4940.1
214,2021-01-01,GASOLINA,1.0,500.0
219,2021-01-01,COMISION BANCARIA,1.0,263.47
220,2021-01-01,TRANSPORTE,1.0,22.0
222,2021-01-01,TELEFONO,1.0,2027.51
227,2021-01-01,CAPACITACION,1.0,6349.2
228,2021-01-01,PAPELERIA,1.0,518.0
229,2021-01-01,COMISION BANCARIA,1.0,57.73
234,2021-01-01,SUELDOS VENTAS,1.0,10527.34
235,2021-01-01,SUSCRIPCIONES,1.0,283.81
236,2021-01-01,SUELDOS PRODUCCION,1.0,19723.57
237,2021-01-01,PEAJES,1.0,29.0
238,2021-01-01,GASOLINA,1.0,100.0
240,2021-01-01,PAQUETERIA,1.0,4521.21
241,2021-01-01,COMISION BANCARIA,1.0,338.57
242,2021-01-01,VALES DESPENSA,1.0,4102.55
244,2021-01-01,TELEFONO,1.0,0.0
245,2021-01-01,TELEFONO,1.0,0.0
246,2021-01-01,SUELDOS PRODUCCION,1.0,25805.64
247,2021-01-01,MAQUILAS,1.0,43500.0
248,2021-01-01,MAQUILAS,1.0,0.0
249,2021-01-01,MAQUILAS,1.0,0.0
250,2021-01-01,PAQUETERIA,1.0,390.0
251,2021-01-01,MAQUILAS,1.0,1740.0
252,2021-01-01,MAQUILAS,1.0,1740.0
253,2021-01-01,MAQUILAS,1.0,1740.0
254,2021-01-01,GASOLINA,1.0,19625.94
255,2021-01-01,CAPACITACION,1.0,0.0
256,2021-01-01,GERENCIA VTAS,1.0,17400.0
257,2021-01-01,TELEFONO,1.0,3238.9
259,2021-01-01,GERENCIA ADMON,1.0,28600.0
260,2021-01-01,MTTO COMPUTO,1.0,3480.0
261,2021-01-01,MTTO COMPUTO,1.0,3688.8
262,2021-01-01,COMISION BANCARIA,1.0,353.34
265,2021-01-01,COMISION BANCARIA,1.0,568.4
266,2021-01-01,COMISION BANCARIA,1.0,313.2
268,2021-01-01,MEDICOS,1.0,4520.01
269,2021-02-01,ARRENDAMIENTO FINANCIERO,1.0,6439.6
270,2021-02-01,ARRENDAMIENTO FINANCIERO,1.0,6440.3
278,2021-02-01,MTTO MAQUINARIA,1.0,2433.84
279,2021-02-01,MTTO MAQUINARIA,1.0,-433.84
284,2021-02-01,COMISION BANCARIA,1.0,263.8
289,2021-02-01,PAQUETERIA,1.0,319.83
290,2021-02-01,NO DEDUCIBLE,1.0,-599.0
291,2021-02-01,ARRENDAMIENTO FINANCIERO,1.0,0.0
292,2021-02-01,ARRENDAMIENTO FINANCIERO,1.0,0.0
296,2021-02-01,UNIFORME,1.0,0.0
297,2021-02-01,COMISION BANCARIA,1.0,0.0
298,2021-02-01,COMISION BANCARIA,20.2248,0.0
299,2021-02-01,COMISION BANCARIA,1.0,0.0
302,2021-02-01,CALIBRACIONES,1.0,10237.0
304,2021-02-01,PAQUETERIA,1.0,0.0
305,2021-02-01,MTTO COMPUTO,1.0,417.6
306,2021-02-01,SUELDOS VENTAS,1.0,9161.62
307,2021-02-01,SUELDOS PRODUCCION,1.0,17788.6
309,2021-02-01,HONORARIOS CONTABLES,1.0,4766.66
312,2021-02-01,PAQUETERIA,1.0,3122.75
313,2021-02-01,COMISION BANCARIA,1.0,237.1
315,2021-02-01,SUELDOS PRODUCCION,1.0,23110.68
321,2021-02-01,COMISION BANCARIA,1.0,387.46
322,2021-02-01,COMISION BANCARIA,1.0,205.8
323,2021-02-01,PAQUETERIA,1.0,259.9
324,2021-02-01,NO DEDUCIBLE,1.0,844.0
326,2021-02-01,PAQUETERIA,1.0,0.0
327,2021-02-01,TELEFONO,1.0,549.01
328,2021-02-01,TELEFONO,1.0,2872.07
330,2021-02-01,MTTO COMPUTO,1.0,392.08
332,2021-02-01,PAPELERIA,1.0,178.0
333,2021-02-01,PAPELERIA,1.0,2300.0
334,2021-02-01,CAPACITACION,1.0,6349.2
335,2021-02-01,UNIFORME,1.0,1276.0
339,2021-02-01,COMISION BANCARIA,1.0,356.64
340,2021-02-01,TELEFONO,1.0,0.0
345,2021-02-01,MONITOREO CAMARAS ADT,1.0,1400.65
348,2021-02-01,NO DEDUCIBLE,1.0,2064.45
351,2021-02-01,COMISION BANCARIA,1.0,35.36
354,2021-02-01,TRANSPORTE,1.0,22.0
358,2021-02-01,MONITOREO CAMARAS ADT,1.0,0.0
361,2021-02-01,CAPACITACION,1.0,0.0
364,2021-02-01,SANITIZACION,1.0,2262.0
366,2021-02-01,COMISION BANCARIA,1.0,277.59
370,2021-02-01,SANITIZACION,1.0,472.93
373,2021-02-01,SUELDOS VENTAS,1.0,10015.17
374,2021-02-01,SUELDOS DIRECCION,1.0,61305.71
375,2021-02-01,SUELDOS PRODUCCION,1.0,19994.77
377,2021-02-01,PAQUETERIA,1.0,4481.13
378,2021-02-01,COMISION BANCARIA,1.0,131.0
380,2021-02-01,SUELDOS PRODUCCION,1.0,28423.46
384,2021-02-01,ENERGIA ELECTRICA,1.0,4605.73
385,2021-02-01,ALIMENTOS,1.0,399.0
386,2021-02-01,COMISION BANCARIA,1.0,43.58
389,2021-02-01,TELEFONO,1.0,257.79
392,2021-02-01,MAQUILAS,1.0,0.0
393,2021-02-01,SUSCRIPCIONES,1.0,5161.54
397,2021-02-01,UNIFORME,1.0,232.0
398,2021-02-01,TELEFONO,1.0,0.0
399,2021-02-01,GERENCIA ADMON,1.0,28600.0
400,2021-02-01,COMISION BANCARIA,1.0,74.78
407,2021-02-01,CAPACITACION,1.0,250.0
409,2021-02-01,DERECHOS,1.0,891.0
411,2021-02-01,GASOLINA,1.0,490.39
412,2021-02-01,COMISION BANCARIA,1.0,178.71
415,2021-02-01,SEGUROS,1.0,0.0
417,2021-02-01,MENSAJERIA,1.0,1740.0
419,2021-02-01,ENERGIA ELECTRICA,1.0,0.0
420,2021-02-01,MAQUILAS GIC,1.0,5000.0
423,2021-02-01,COMISION BANCARIA,1.0,116.64
425,2021-02-01,TELEFONO,1.0,0.0
426,2021-02-01,TELEFONO,1.0,0.0
431,2021-02-01,NO DEDUCIBLE,1.0,1250.12
436,2021-02-01,SUELDOS VENTAS,1.0,10545.36
438,2021-02-01,RENTA COPIADORA,1.0,2320.0
439,2021-02-01,SUELDOS PRODUCCION,1.0,19411.92
440,2021-02-01,DERECHOS,1.0,1397.33
441,2021-02-01,DERECHOS,1.0,789.0
446,2021-02-01,PAQUETERIA,1.0,3462.28
447,2021-02-01,COMISION BANCARIA,1.0,171.94
448,2021-02-01,SUELDOS PRODUCCION,1.0,29584.72
452,2021-02-01,NO DEDUCIBLE,1.0,2728.65
453,2021-02-01,MTTO TRANSPORTE,1.0,4017.0
454,2021-02-01,IMSS/INFONAVIT,1.0,8561.54
462,2021-02-01,PAQUETERIA,1.0,0.0
463,2021-02-01,COMISION BANCARIA,1.0,650.69
464,2021-02-01,NO DEDUCIBLE,1.0,722.7
465,2021-02-01,TELEFONO,1.0,0.0
466,2021-02-01,TELEFONO,1.0,0.0
472,2021-02-01,RENTA COPIADORA,1.0,0.0
476,2021-02-01,COMISION BANCARIA,1.0,96.35
480,2021-02-01,TELEFONO,1.0,398.99
484,2021-02-01,PAQUETERIA,1.0,129.67
491,2021-02-01,CAPACITACION,1.0,6349.2
492,2021-02-01,MTTO COMPUTO,1.0,2900.0
493,2021-02-01,MTTO COMPUTO,1.0,3480.0
494,2021-02-01,COMISION BANCARIA,1.0,282.56
497,2021-02-01,MTTO COMPUTO,1.0,2267.8
502,2021-02-01,COMISION BANCARIA,1.0,739.5
503,2021-02-01,CAPACITACION,1.0,21054.0
504,2021-02-01,TELEFONO,1.0,2195.8
508,2021-02-01,TELEFONO,1.0,0.0
509,2021-02-01,COMISION BANCARIA,1.0,2252.2
510,2021-02-01,COMISION BANCARIA,1.0,0.0
511,2021-02-01,SUELDOS VENTAS,1.0,10134.46
512,2021-02-01,SUELDOS PRODUCCION,1.0,19411.92
513,2021-02-01,CAPACITACION,1.0,0.0
518,2021-02-01,PAQUETERIA,1.0,2076.92
520,2021-02-01,COMISION BANCARIA,1.0,435.76
521,2021-02-01,SUELDOS PRODUCCION,1.0,29021.02
523,2021-02-01,PAQUETERIA,1.0,0.0
527,2021-02-01,DERECHOS,1.0,894.0
528,2021-02-01,DERECHOS,1.0,285.0
529,2021-02-01,GERENCIA ADMON,1.0,28600.0
530,2021-02-01,COMISION BANCARIA,1.0,600.02
531,2021-02-01,VALES DESPENSA,1.0,4102.55
533,2021-02-01,MTTO MAQUINARIA,1.0,1740.0
534,2021-02-01,MTTO MAQUINARIA,1.0,1740.0
535,2021-02-01,MTTO MAQUINARIA,1.0,2320.0
536,2021-02-01,CAPACITACION,1.0,11600.0
538,2021-02-01,NO DEDUCIBLE,1.0,1146.8
539,2021-02-01,NO DEDUCIBLE,1.0,722.0
542,2021-02-01,GASOLINA,1.0,870.06
543,2021-02-01,COMISION BANCARIA,1.0,568.4
544,2021-02-01,COMISION BANCARIA,1.0,382.8
547,2021-02-01,TELEFONO,1.0,3238.9
550,2021-03-01,HONORARIOS CONTABLES,1.0,9533.32
554,2021-03-01,PAQUETERIA,1.0,0.0
555,2021-03-01,COMISION BANCARIA,1.0,144.69
562,2021-03-01,SANITIZACION,1.0,0.0
563,2021-03-01,ARRENDAMIENTO FINANCIERO,1.0,6439.6
564,2021-03-01,ARRENDAMIENTO FINANCIERO,1.0,6440.3
567,2021-03-01,UNIFORME,1.0,0.0
568,2021-03-01,COMISION BANCARIA,1.0,0.0
569,2021-03-01,COMISION BANCARIA,1.0,186.25
571,2021-03-01,SEGUROS,1.0,20167.0
578,2021-03-01,ARRENDAMIENTO FINANCIERO,1.0,0.0
579,2021-03-01,ARRENDAMIENTO FINANCIERO,1.0,0.0
582,2021-03-01,TELEFONO,1.0,98.0
583,2021-03-01,ALIMENTOS,1.0,399.0
584,2021-03-01,SUSCRIPCIONES,1.0,162.45
586,2021-03-01,COMISION BANCARIA,1.0,0.0
587,2021-03-01,COMISION BANCARIA,20.939,0.0
588,2021-03-01,COMISION BANCARIA,1.0,140.36
591,2021-03-01,MTTO COMPUTO,1.0,417.6
593,2021-03-01,SUELDOS VENTAS,1.0,15627.0
594,2021-03-01,NO DEDUCIBLE,1.0,1377.05
595,2021-03-01,NO DEDUCIBLE,1.0,1803.7
596,2021-03-01,SUELDOS DIRECCION,1.0,60404.09
599,2021-03-01,SUELDOS PRODUCCION,1.0,16566.27
607,2021-03-01,PAQUETERIA,1.0,3069.1
609,2021-03-01,COMISION BANCARIA,1.0,126.18
610,2021-03-01,PAPELERIA,1.0,14708.34
613,2021-03-01,SUELDOS PRODUCCION,1.0,23271.47
624,2021-03-01,COMISION BANCARIA,1.0,96.4
626,2021-03-01,TELEFONO,1.0,549.01
627,2021-03-01,TELEFONO,1.0,2626.33
628,2021-03-01,SUELDOS PRODUCCION,1.0,677.82
631,2021-03-01,MENSAJERIA,1.0,207.88
632,2021-03-01,MAQUILAS,1.0,4872.0
633,2021-03-01,MAQUILAS,1.0,4640.0
634,2021-03-01,MTTO COMPUTO,1.0,392.08
635,2021-03-01,CAPACITACION,1.0,250.0
638,2021-03-01,CAPACITACION,1.0,6349.2
639,2021-03-01,COMISION BANCARIA,1.0,332.49
642,2021-03-01,MAQUILAS,1.0,0.0
648,2021-03-01,COMISION BANCARIA,1.0,83.21
650,2021-03-01,MONITOREO CAMARAS ADT,1.0,1400.65
651,2021-03-01,MONITOREO CAMARAS ADT,1.0,0.0
654,2021-03-01,PEAJES,1.0,218.0
655,2021-03-01,PEAJES,1.0,36.0
656,2021-03-01,PEAJES,1.0,276.0
658,2021-03-01,NO DEDUCIBLE,1.0,106.5
659,2021-03-01,PAPELERIA,1.0,159.8
660,2021-03-01,PAPELERIA,1.0,103.5
661,2021-03-01,COMISION BANCARIA,1.0,105.91
666,2021-03-01,TELEFONO,1.0,0.0
670,2021-03-01,SUELDOS VENTAS,1.0,40452.69
671,2021-03-01,RENTA COPIADORA,1.0,2320.0
672,2021-03-01,SUELDOS PRODUCCION,1.0,20075.22
675,2021-03-01,MTTO COMPUTO,1.0,1160.0
676,2021-03-01,MTTO COMPUTO,1.0,1102.0
677,2021-03-01,PAQUETERIA,1.0,2936.22
678,2021-03-01,COMISION BANCARIA,1.0,182.79
687,2021-03-01,GASOLINA,1.0,15494.16
688,2021-03-01,CAPACITACION,1.0,0.0
691,2021-03-01,GERENCIA ADMON,1.0,28600.0
692,2021-03-01,COMISION BANCARIA,1.0,265.05
693,2021-03-01,CALIBRACIONES,1.0,0.0
694,2021-03-01,TELEFONO,1.0,250.72
695,2021-03-01,SUELDOS PRODUCCION,1.0,25793.05
698,2021-03-01,NO DEDUCIBLE,1.0,1291.05
699,2021-03-01,NO DEDUCIBLE,1.0,3341.45
701,2021-03-01,GASOLINA,1.0,200.0
702,2021-03-01,ENERGIA ELECTRICA,1.0,5421.69
703,2021-03-01,TELEFONO,1.0,0.0
704,2021-03-01,COMISION BANCARIA,1.0,220.39
705,2021-03-01,SUELDOS PRODUCCION,1.0,26698.26
712,2021-03-01,NO DEDUCIBLE,1.0,4118.3
716,2021-03-01,MTTO COMPUTO,1.0,4754.84
717,2021-03-01,PAQUETERIA,1.0,0.0
718,2021-03-01,COMISION BANCARIA,1.0,362.05
724,2021-03-01,PAQUETERIA,1.0,129.67
725,2021-03-01,MAQUILAS,1.0,22330.0
726,2021-03-01,MAQUILAS,1.0,53186.0
728,2021-03-01,GASOLINA,1.0,100.0
729,2021-03-01,SUELDOS VENTAS,1.0,17989.61
730,2021-03-01,NO DEDUCIBLE,1.0,-291.75
731,2021-03-01,NO DEDUCIBLE,1.0,-349.0
732,2021-03-01,SUELDOS PRODUCCION,1.0,15647.52
739,2021-03-01,PAPELERIA,1.0,769.0
740,2021-03-01,GASOLINA,1.0,300.0
741,2021-03-01,GASOLINA,1.0,300.0
742,2021-03-01,GASOLINA,1.0,395.0
743,2021-03-01,PAQUETERIA,1.0,2130.28
745,2021-03-01,COMISION BANCARIA,1.0,105.19
749,2021-03-01,SEGUROS,1.0,0.0
751,2021-03-01,SUELDOS PRODUCCION,1.0,25714.67
752,2021-03-01,PAQUETERIA,1.0,286.82
753,2021-03-01,PAQUETERIA,1.0,0.0
755,2021-03-01,RENTA COPIADORA,1.0,0.0
756,2021-03-01,DERECHOS,1.0,968.0
758,2021-03-01,COMISION BANCARIA,1.0,665.16
761,2021-03-01,TELEFONO,1.0,0.0
764,2021-03-01,TELEFONO,1.0,398.99
765,2021-03-01,PAQUETERIA,1.0,4895.5
768,2021-03-01,CAPACITACION,1.0,6349.2
769,2021-03-01,COMISION BANCARIA,1.0,113.77
781,2021-03-01,COMISION BANCARIA,1.0,5.14
782,2021-03-01,TELEFONO,1.0,2126.5
783,2021-03-01,HONORARIOS PF,1.0,58000.0
784,2021-03-01,MTTO COMPUTO,1.0,2267.8
786,2021-03-01,SUELDOS VENTAS,1.0,17284.09
787,2021-03-01,NO DEDUCIBLE,1.0,3601.58
788,2021-03-01,SUELDOS PRODUCCION,1.0,15537.17
789,2021-03-01,IMSS/INFONAVIT,1.0,15493.99
790,2021-03-01,MTTO COMPUTO,1.0,2900.0
793,2021-03-01,COMISION BANCARIA,1.0,301.61
795,2021-03-01,PAPELERIA,1.0,1867.93
796,2021-03-01,PAPELERIA,1.0,677.17
797,2021-03-01,PAPELERIA,1.0,3195.17
798,2021-03-01,SUELDOS PRODUCCION,1.0,25408.29
800,2021-03-01,PAQUETERIA,1.0,129.67
801,2021-03-01,TELEFONO,1.0,0.0
802,2021-03-01,COMISION BANCARIA,1.0,1958.5
803,2021-03-01,COMISION BANCARIA,1.0,0.0
807,2021-03-01,PAQUETERIA,1.0,3255.87
808,2021-03-01,COMISION BANCARIA,1.0,81.29
810,2021-03-01,SUSCRIPCIONES,1.0,3510.0
811,2021-03-01,NO DEDUCIBLE,1.0,1286.9
812,2021-03-01,GASOLINA,1.0,100.0
813,2021-03-01,GASOLINA,1.0,300.0
814,2021-03-01,COMISION BANCARIA,1.0,173.89
815,2021-03-01,SEGUROS,1.0,0.0
817,2021-03-01,ENERGIA ELECTRICA,1.0,0.0
818,2021-03-01,PAQUETERIA,1.0,0.0
819,2021-03-01,HONORARIOS PF,1.0,0.0
820,2021-03-01,PAQUETERIA,1.0,0.0
822,2021-03-01,NO DEDUCIBLE,1.0,786.46
823,2021-03-01,SANITIZACION,1.0,0.0
825,2021-03-01,TELEFONO,1.0,3238.9
826,2021-03-01,MTTO COMPUTO,1.0,2900.0
830,2021-03-01,MTTO COMPUTO,1.0,3480.0
831,2021-03-01,GASOLINA,1.0,325.48
832,2021-03-01,GASOLINA,1.0,200.0
833,2021-03-01,COMISION BANCARIA,1.0,749.5
834,2021-03-01,CAPACITACION,1.0,11600.0
838,2021-03-01,SUELDOS VENTAS,1.0,15932.61
839,2021-03-01,SUELDOS PRODUCCION,1.0,14354.33
840,2021-03-01,MAQUILAS GIC,1.0,6000.0
847,2021-03-01,COMISION BANCARIA,1.0,305.09
848,2021-03-01,VALES DESPENSA,1.0,4102.55
849,2021-03-01,SUELDOS PRODUCCION,1.0,23175.13
854,2021-03-01,NO DEDUCIBLE,1.0,1482.37
856,2021-03-01,GERENCIA ADMON,1.0,28600.0
857,2021-03-01,COMISION BANCARIA,1.0,35.12
859,2021-03-01,COMISION BANCARIA,1.0,0.0
860,2021-03-01,COMISION BANCARIA,1.0,12277.77
861,2021-03-01,GASOLINA,1.0,17249.57
863,2021-04-01,COMISION BANCARIA,1.0,568.4
864,2021-04-01,COMISION BANCARIA,1.0,400.2
865,2021-04-01,NO DEDUCIBLE,1.0,1547.2
866,2021-04-01,NO DEDUCIBLE,1.0,-499.0
867,2021-04-01,ARRENDAMIENTO FINANCIERO,1.0,6439.6
868,2021-04-01,ARRENDAMIENTO FINANCIERO,1.0,6440.3
869,2021-04-01,TELEFONO,1.0,2822.56
870,2021-04-01,TELEFONO,1.0,549.01
871,2021-04-01,CAPACITACION,1.0,0.0
873,2021-04-01,PAQUETERIA,1.0,0.0
874,2021-04-01,COMISION BANCARIA,1.0,401.46
876,2021-04-01,MTTO COMPUTO,1.0,809.68
878,2021-04-01,ARRENDAMIENTO FINANCIERO,1.0,0.0
879,2021-04-01,ARRENDAMIENTO FINANCIERO,1.0,0.0
882,2021-04-01,SEGUROS,1.0,9574.78
883,2021-04-01,COMISION BANCARIA,1.0,0.0
884,2021-04-01,COMISION BANCARIA,20.44,0.0
885,2021-04-01,COMISION BANCARIA,1.0,0.0
888,2021-04-01,HONORARIOS CONTABLES,1.0,4766.66
890,2021-04-01,GERENCIA ADMON,1.0,28600.0
891,2021-04-01,COMISION BANCARIA,1.0,169.78
892,2021-04-01,VALES DESPENSA,1.0,4102.55
895,2021-04-01,MENSAJERIA,1.0,0.0
898,2021-04-01,COMISION BANCARIA,1.0,37.91
905,2021-04-01,SUELDOS VENTAS,1.0,17693.22
908,2021-04-01,SUELDOS PRODUCCION,1.0,15683.2
909,2021-04-01,SUELDOS PRODUCCION,1.0,26111.71
911,2021-04-01,PAQUETERIA,1.0,6586.51
912,2021-04-01,COMISION BANCARIA,1.0,183.22
914,2021-04-01,VALES DESPENSA,1.0,-4102.55
917,2021-04-01,SUELDOS PRODUCCION,1.0,26111.71
924,2021-04-01,MTTO TRANSPORTE,1.0,2550.0
926,2021-04-01,MONITOREO CAMARAS ADT,1.0,1400.65
927,2021-04-01,MONITOREO CAMARAS ADT,1.0,0.0
931,2021-04-01,CAPACITACION,1.0,6349.2
933,2021-04-01,COMISION BANCARIA,1.0,28.91
934,2021-04-01,TELEFONO,1.0,0.0
939,2021-04-01,PAQUETERIA,1.0,0.0
943,2021-04-01,SUELDOS DIRECCION,1.0,70231.93
945,2021-04-01,MTTO TRANSPORTE,1.0,1078.8
946,2021-04-01,COMISION BANCARIA,1.0,166.58
948,2021-04-01,TELEFONO,1.0,254.25
952,2021-04-01,MTTO COMPUTO,1.0,367.72
956,2021-04-01,ALIMENTOS,1.0,399.0
957,2021-04-01,MTTO COMPUTO,1.0,2900.0
958,2021-04-01,COMISION BANCARIA,1.0,216.99
959,2021-04-01,CAPACITACION,1.0,0.0
960,2021-04-01,ALIMENTOS,1.0,90.0
962,2021-04-01,MTTO TRANSPORTE,1.0,240.0
964,2021-04-01,PAQUETERIA,1.0,129.67
965,2021-04-01,CAPACITACION,1.0,250.0
969,2021-04-01,ENERGIA ELECTRICA,1.0,5153.31
970,2021-04-01,CAPACITACION,1.0,0.0
974,2021-04-01,GERENCIA ADMON,1.0,28600.0
975,2021-04-01,COMISION BANCARIA,1.0,90.45
976,2021-04-01,HONORARIOS PM,1.0,3480.0
982,2021-04-01,SUELDOS VENTAS,1.0,52130.78
983,2021-04-01,GASOLINA,1.0,15494.16
984,2021-04-01,SUELDOS PRODUCCION,1.0,6881.93
988,2021-04-01,PAQUETERIA,1.0,5573.94
989,2021-04-01,COMISION BANCARIA,1.0,345.76
990,2021-04-01,SUELDOS PRODUCCION,1.0,25849.79
992,2021-04-01,PAQUETERIA,1.0,0.0
993,2021-04-01,RENTA COPIADORA,1.0,2320.0
994,2021-04-01,MAQUINARIA,1.0,132415.66
995,2021-04-01,MAQUINARIA,1.0,30717.27
996,2021-04-01,COMISION BANCARIA,1.0,86.34
997,2021-04-01,MENSAJERIA,1.0,868.72
1000,2021-04-01,TELEFONO,1.0,0.0
1001,2021-04-01,TELEFONO,1.0,0.0
1002,2021-04-01,TELEFONO,1.0,0.0
1003,2021-04-01,TELEFONO,1.0,0.0
1004,2021-04-01,MTTO LOCAL,1.0,7888.0
1005,2021-04-01,NO DEDUCIBLE,1.0,898.8
1008,2021-04-01,RENTA COPIADORA,1.0,0.0
1009,2021-04-01,DERECHOS,1.0,1307.0
1010,2021-04-01,SEGUROS,1.0,0.0
1012,2021-04-01,MTTO MAQUINARIA,1.0,11600.0
1015,2021-04-01,COMISION BANCARIA,1.0,636.22
1016,2021-04-01,HONORARIOS PM,1.0,0.0
1021,2021-04-01,MTTO COMPUTO,1.0,300.0
1022,2021-04-01,SEGUROS,1.0,0.0
1024,2021-04-01,COMISION BANCARIA,1.0,80.47
1031,2021-04-01,MENSAJERIA,1.0,1680.0
1038,2021-04-01,NO DEDUCIBLE,1.0,136.8
1039,2021-04-01,PAQUETERIA,1.0,468.06
1040,2021-04-01,COMISION BANCARIA,1.0,87.71
1041,2021-04-01,SEGUROS,1.0,0.0
1042,2021-04-01,PAPELERIA,1.0,2318.1
1043,2021-04-01,ALIMENTOS,1.0,180.0
1044,2021-04-01,MTTO TRANSPORTE,1.0,2552.0
1048,2021-04-01,SUELDOS VENTAS,1.0,25213.19
1049,2021-04-01,SUELDOS PRODUCCION,1.0,7608.22
1052,2021-04-01,PAQUETERIA,1.0,4454.24
1053,2021-04-01,COMISION BANCARIA,1.0,271.6
1054,2021-04-01,VALES DESPENSA,1.0,69.6
1055,2021-04-01,SUELDOS PRODUCCION,1.0,26986.04
1058,2021-04-01,MENSAJERIA,1.0,0.0
1059,2021-04-01,CAPACITACION,1.0,6349.2
1060,2021-04-01,COMISION BANCARIA,1.0,246.84
1063,2021-04-01,PAQUETERIA,1.0,0.0
1064,2021-04-01,TELEFONO,1.0,0.0
1065,2021-04-01,COMISION BANCARIA,1.0,0.0
1066,2021-04-01,TELEFONO,1.0,2126.5
1068,2021-04-01,MTTO COMPUTO,1.0,2267.8
1070,2021-04-01,TELEFONO,1.0,0.0
1072,2021-04-01,COMISION BANCARIA,1.0,367.73
1076,2021-04-01,COMISION BANCARIA,1.0,2105.91
1077,2021-04-01,NO DEDUCIBLE,1.0,3867.9
1080,2021-04-01,GASOLINA,1.0,500.0
1081,2021-04-01,COMISION BANCARIA,1.0,228.08
1082,2021-04-01,VALES DESPENSA,1.0,4102.55
1085,2021-04-01,MTTO TRANSPORTE,1.0,240.0
1086,2021-04-01,SEGUROS,1.0,0.0
1091,2021-04-01,ENERGIA ELECTRICA,1.0,0.0
1092,2021-04-01,PAPELERIA,1.0,2668.0
1093,2021-04-01,CAPACITACION,1.0,0.0
1100,2021-04-01,COMISION BANCARIA,1.0,94.71
1103,2021-04-01,NO DEDUCIBLE,1.0,525.0
1104,2021-04-01,SUELDOS VENTAS,1.0,23283.72
1105,2021-04-01,PEAJES,1.0,191.0
1106,2021-04-01,NO DEDUCIBLE,1.0,1366.75
1107,2021-04-01,SUELDOS PRODUCCION,1.0,7030.45
1108,2021-04-01,PEAJES,1.0,270.0
1109,2021-04-01,MAQUILAS GIC,1.0,4000.0
1110,2021-04-01,IMSS/INFONAVIT,1.0,8816.42
1111,2021-04-01,TELEFONO,1.0,3238.9
1112,2021-04-01,GERENCIA ADMON,1.0,28600.0
1113,2021-04-01,COMISION BANCARIA,1.0,192.34
1115,2021-04-01,PEAJES,1.0,18.0
1116,2021-04-01,SUELDOS PRODUCCION,1.0,24352.14
1122,2021-04-01,PAQUETERIA,1.0,1766.38
1123,2021-04-01,COMISION BANCARIA,1.0,125.86
1125,2021-04-01,COMISION BANCARIA,1.0,0.0
1126,2021-04-01,COMISION BANCARIA,1.0,22015.75
1127,2021-04-01,GASOLINA,1.0,17321.04
1128,2021-05-01,GASOLINA,1.0,400.0
1130,2021-05-01,ARRENDAMIENTO FINANCIERO,1.0,6439.6
1131,2021-05-01,ARRENDAMIENTO FINANCIERO,1.0,6440.3
1132,2021-05-01,COMISION BANCARIA,1.0,568.4
1133,2021-05-01,COMISION BANCARIA,1.0,313.2
1134,2021-05-01,COMISION BANCARIA,1.0,0.0
1144,2021-05-01,MENSAJERIA,1.0,1680.0
1146,2021-05-01,PEAJES,1.0,258.0
1149,2021-05-01,GASOLINA,1.0,100.0
1150,2021-05-01,HONORARIOS CONTABLES,1.0,4766.66
1153,2021-05-01,COMISION BANCARIA,1.0,145.25
1154,2021-05-01,TELEFONO,1.0,2723.56
1155,2021-05-01,TELEFONO,1.0,549.01
1158,2021-05-01,MTTO TRANSPORTE,1.0,2530.01
1159,2021-05-01,MTTO COMPUTO,1.0,417.6
1160,2021-05-01,NO DEDUCIBLE,1.0,299.42
1161,2021-05-01,NO DEDUCIBLE,1.0,99.0
1162,2021-05-01,ARRENDAMIENTO FINANCIERO,1.0,0.0
1163,2021-05-01,ARRENDAMIENTO FINANCIERO,1.0,0.0
1164,2021-05-01,SUELDOS PRODUCCION,1.0,-26111.69
1165,2021-05-01,COMISION BANCARIA,1.0,0.0
1166,2021-05-01,COMISION BANCARIA,20.1822,0.0
1168,2021-05-01,MTTO COMPUTO,1.0,2900.0
1170,2021-05-01,MTTO COMPUTO,1.0,2320.0
1171,2021-05-01,COMISION BANCARIA,1.0,71.06
1175,2021-05-01,MTTO TRANSPORTE,1.0,480.01
1177,2021-05-01,COMISION BANCARIA,1.0,0.0
1182,2021-05-01,COMISION BANCARIA,1.0,84.85
1184,2021-05-01,PAQUETERIA,1.0,129.67
1185,2021-05-01,MTTO COMPUTO,1.0,313.2
1187,2021-05-01,MONITOREO CAMARAS ADT,1.0,1400.65
1189,2021-05-01,SUELDOS VENTAS,1.0,25791.95
1190,2021-05-01,GASOLINA,1.0,116.0
1191,2021-05-01,SUELDOS PRODUCCION,1.0,7608.22
1192,2021-05-01,PAQUETERIA,1.0,1737.56
1193,2021-05-01,SUELDOS PRODUCCION,1.0,26408.74
1194,2021-05-01,CAPACITACION,1.0,11600.0
1195,2021-05-01,PAQUETERIA,1.0,0.0
1196,2021-05-01,MONITOREO CAMARAS ADT,1.0,0.0
1198,2021-05-01,SUSCRIPCIONES,1.0,150.25
1199,2021-05-01,GASOLINA,1.0,100.0
1204,2021-05-01,GASOLINA,1.0,927.01
1207,2021-05-01,NO DEDUCIBLE,1.0,1480.7
1208,2021-05-01,NO DEDUCIBLE,1.0,1973.0
1209,2021-05-01,NO DEDUCIBLE,1.0,1952.2
1211,2021-05-01,NO DEDUCIBLE,1.0,138.01
1212,2021-05-01,GASOLINA,1.0,938.73
1213,2021-05-01,TELEFONO,1.0,0.0
1214,2021-05-01,MENSAJERIA,1.0,1680.0
1216,2021-05-01,CAPACITACION,1.0,6349.2
1220,2021-05-01,MTTO COMPUTO,1.0,367.72
1222,2021-05-01,GASOLINA,1.0,15494.16
1224,2021-05-01,PAPELERIA,1.0,259.0
1225,2021-05-01,ALIMENTOS,1.0,45.0
1232,2021-05-01,SUELDOS DIRECCION,1.0,58652.76
1233,2021-05-01,CAPACITACION,1.0,0.0
1236,2021-05-01,PAQUETERIA,1.0,0.0
1237,2021-05-01,PAPELERIA,1.0,954.49
1238,2021-05-01,TELEFONO,1.0,279.01
1242,2021-05-01,PAQUETERIA,1.0,129.67
1243,2021-05-01,SUELDOS VENTAS,1.0,25696.26
1244,2021-05-01,ENERGIA ELECTRICA,1.0,5967.09
1245,2021-05-01,SUSCRIPCIONES,1.0,269.0
1247,2021-05-01,SUELDOS PRODUCCION,1.0,7608.22
1248,2021-05-01,MTTO COMPUTO,1.0,2900.0
1250,2021-05-01,MTTO TRANSPORTE,1.0,1078.8
1251,2021-05-01,PAQUETERIA,1.0,736.78
1253,2021-05-01,SUELDOS PRODUCCION,1.0,26259.98
1255,2021-05-01,PAQUETERIA,1.0,0.0
1257,2021-05-01,SUELDOS VENTAS,1.0,12947.0
1259,2021-05-01,GERENCIA ADMON,1.0,28600.0
1265,2021-05-01,ALIMENTOS,1.0,399.0
1266,2021-05-01,DERECHOS,1.0,994.0
1268,2021-05-01,PAQUETERIA,1.0,0.0
1269,2021-05-01,MENSAJERIA,1.0,0.0
1271,2021-05-01,RENTA COPIADORA,1.0,2320.0
1274,2021-05-01,COMISION BANCARIA,1.0,232.0
1282,2021-05-01,HONORARIOS PM,1.0,3480.0
1284,2021-05-01,SUELDOS VENTAS,1.0,25622.16
1286,2021-05-01,SUELDOS PRODUCCION,1.0,8972.55
1287,2021-05-01,MAQUILAS GIC,1.0,17806.0
1288,2021-05-01,SANITIZACION,1.0,2262.0
1290,2021-05-01,PAQUETERIA,1.0,4456.15
1292,2021-05-01,SUELDOS PRODUCCION,1.0,26047.26
1294,2021-05-01,CALIBRACIONES,1.0,6960.0
1295,2021-05-01,MAQUINARIA,1.0,139189.8
1296,2021-05-01,MAQUINARIA,1.0,218153.0
1297,2021-05-01,TELEFONO,1.0,0.0
1298,2021-05-01,SUELDOS PRODUCCION,1.0,2592.45
1306,2021-05-01,CAPACITACION,1.0,6349.2
1307,2021-05-01,MAQUINARIA,19.95,163.98
1310,2021-05-01,HONORARIOS PM,1.0,0.0
1312,2021-05-01,TELEFONO,1.0,2126.5
1316,2021-05-01,MTTO COMPUTO,1.0,2267.8
1317,2021-05-01,NO DEDUCIBLE,1.0,611.2
1319,2021-05-01,TELEFONO,1.0,0.0
1320,2021-05-01,COMISION BANCARIA,1.0,1202.53
1321,2021-05-01,COMISION BANCARIA,1.0,0.0
1324,2021-05-01,VALES DESPENSA,1.0,4224.83
1325,2021-05-01,MTTO TRANSPORTE,1.0,4349.96
1329,2021-05-01,ENERGIA ELECTRICA,1.0,0.0
1330,2021-05-01,CAPACITACION,1.0,0.0
1331,2021-05-01,CALIBRACIONES,1.0,11484.0
1332,2021-05-01,MAQUINARIA,1.0,56248.75
1333,2021-05-01,IMSS/INFONAVIT,1.0,16475.24
1334,2021-05-01,PAQUETERIA,1.0,0.0
1336,2021-05-01,TELEFONO,1.0,0.0
1337,2021-05-01,TELEFONO,1.0,0.0
1343,2021-05-01,SUELDOS VENTAS,1.0,23025.47
1344,2021-05-01,NO DEDUCIBLE,1.0,2214.5
1345,2021-05-01,NO DEDUCIBLE,1.0,1563.2
1346,2021-05-01,RENTA COPIADORA,1.0,0.0
1347,2021-05-01,SUELDOS PRODUCCION,1.0,10802.07
1350,2021-05-01,MAQUINARIA,1.0,0.0
1353,2021-05-01,PAQUETERIA,1.0,1957.63
1354,2021-05-01,SUELDOS PRODUCCION,1.0,27058.53
1355,2021-05-01,PEAJES,1.0,252.0
1356,2021-05-01,PEAJES,1.0,87.0
1357,2021-05-01,PEAJES,1.0,131.0
1358,2021-05-01,PEAJES,1.0,34.0
1359,2021-05-01,PEAJES,1.0,644.0
1361,2021-05-01,MTTO COMPUTO,1.0,2900.0
1363,2021-05-01,SEGUROS,1.0,0.0
1366,2021-05-01,TELEFONO,1.0,3238.9
1367,2021-05-01,TELEFONO,1.0,-231.07
1369,2021-05-01,SEGUROS,1.0,7398.25
1370,2021-05-01,GERENCIA ADMON,1.0,28600.0
1371,2021-05-01,SUELDOS PRODUCCION,1.0,2453.14
1373,2021-05-01,COMISION BANCARIA,1.0,0.0
1375,2021-06-01,NO DEDUCIBLE,1.0,1248.0
1377,2021-06-01,COMISION BANCARIA,1.0,568.4
1378,2021-06-01,COMISION BANCARIA,1.0,243.6
1379,2021-06-01,COMISION BANCARIA,1.0,0.0
1381,2021-06-01,CALIBRACIONES,1.0,2204.0
1384,2021-06-01,PAQUETERIA,1.0,0.0
1389,2021-06-01,ARRENDAMIENTO FINANCIERO,1.0,6439.6
1390,2021-06-01,ARRENDAMIENTO FINANCIERO,1.0,6440.3
1393,2021-06-01,PAPELERIA,1.0,150.0
1397,2021-06-01,PAPELERIA,1.0,3201.6
1400,2021-06-01,ARRENDAMIENTO FINANCIERO,1.0,0.0
1401,2021-06-01,ARRENDAMIENTO FINANCIERO,1.0,0.0
1402,2021-06-01,SUELDOS VENTAS,1.0,18787.98
1403,2021-06-01,SUELDOS PRODUCCION,1.0,9943.51
1404,2021-06-01,COMISION BANCARIA,1.0,0.0
1405,2021-06-01,COMISION BANCARIA,19.9293,0.0
1406,2021-06-01,COMISION BANCARIA,1.0,0.0
1407,2021-06-01,MTTO COMPUTO,1.0,580.0
1408,2021-06-01,PAQUETERIA,1.0,1050.7
1409,2021-06-01,PAQUETERIA,1.0,0.0
1412,2021-06-01,SUELDOS PRODUCCION,1.0,23317.66
1416,2021-06-01,MAQUILAS,1.0,8120.0
1417,2021-06-01,MTTO COMPUTO,1.0,417.6
1418,2021-06-01,NO DEDUCIBLE,1.0,244.3
1419,2021-06-01,NO DEDUCIBLE,1.0,169.0
1420,2021-06-01,NO DEDUCIBLE,1.0,99.0
1425,2021-06-01,MENSAJERIA,1.0,0.0
1427,2021-06-01,ALIMENTOS,1.0,399.0
1429,2021-06-01,DERECHOS,1.0,38.0
1430,2021-06-01,DERECHOS,1.0,2015.0
1431,2021-06-01,DERECHOS,1.0,1815.0
1432,2021-06-01,DERECHOS,1.0,1829.0
1433,2021-06-01,MTTO COMPUTO,1.0,7018.0
1434,2021-06-01,MTTO COMPUTO,1.0,1522.5
1438,2021-06-01,TELEFONO,1.0,2723.56
1439,2021-06-01,TELEFONO,1.0,549.01
1441,2021-06-01,CAPACITACION,1.0,11600.0
1444,2021-06-01,HONORARIOS CONTABLES,1.0,4766.66
1446,2021-06-01,GASOLINA,1.0,22724.77
1449,2021-06-01,PAPELERIA,1.0,338.41
1450,2021-06-01,PAPELERIA,1.0,366.68
1453,2021-06-01,MTTO COMPUTO,1.0,313.2
1457,2021-06-01,DERECHOS,1.0,782.0
1463,2021-06-01,MTTO COMPUTO,1.0,367.72
1465,2021-06-01,HONORARIOS PM,1.0,9280.0
1466,2021-06-01,HONORARIOS PM,1.0,4303.36
1467,2021-06-01,MONITOREO CAMARAS ADT,1.0,1400.65
1468,2021-06-01,MONITOREO CAMARAS ADT,1.0,0.0
1469,2021-06-01,SUELDOS VENTAS,1.0,24275.0
1470,2021-06-01,SUELDOS PRODUCCION,1.0,10802.07
1471,2021-06-01,CAPACITACION,1.0,6349.2
1473,2021-06-01,PAQUETERIA,1.0,5189.11
1474,2021-06-01,SUELDOS PRODUCCION,1.0,26243.48
1475,2021-06-01,SUELDOS PRODUCCION,1.0,13948.12
1477,2021-06-01,NO DEDUCIBLE,1.0,2336.05
1478,2021-06-01,NO DEDUCIBLE,1.0,956.25
1479,2021-06-01,SUELDOS DIRECCION,1.0,46745.55
1483,2021-06-01,NO DEDUCIBLE,1.0,351.99
1484,2021-06-01,TELEFONO,1.0,270.16
1486,2021-06-01,NO DEDUCIBLE,1.0,33.5
1487,2021-06-01,NO DEDUCIBLE,1.0,791.15
1488,2021-06-01,NO DEDUCIBLE,1.0,379.0
1489,2021-06-01,ENERGIA ELECTRICA,1.0,5936.66
1490,2021-06-01,CAPACITACION,1.0,0.0
1492,2021-06-01,SEGUROS,1.0,0.0
1493,2021-06-01,RENTA COPIADORA,1.0,2320.0
1496,2021-06-01,PAPELERIA,1.0,150.0
1497,2021-06-01,PAQUETERIA,1.0,0.0
1500,2021-06-01,HONORARIOS PM,1.0,3480.0
1516,2021-06-01,GERENCIA ADMON,1.0,24786.65
1518,2021-06-01,UNIFORME,1.0,615.0
1519,2021-06-01,HONORARIOS PM,1.0,0.0
1524,2021-06-01,SUELDOS VENTAS,1.0,24937.02
1525,2021-06-01,SUELDOS PRODUCCION,1.0,10802.07
1526,2021-06-01,DERECHOS,1.0,823.36
1528,2021-06-01,MTTO COMPUTO,1.0,2900.0
1529,2021-06-01,MTTO COMPUTO,1.0,2668.0
1531,2021-06-01,PAQUETERIA,1.0,1630.35
1532,2021-06-01,SUELDOS PRODUCCION,1.0,26886.18
1535,2021-06-01,PAQUETERIA,1.0,129.68
1543,2021-06-01,TELEFONO,1.0,0.0
1545,2021-06-01,PAQUETERIA,1.0,0.0
1546,2021-06-01,PEAJES,1.0,218.0
1547,2021-06-01,PEAJES,1.0,36.0
1548,2021-06-01,PEAJES,1.0,276.0
1555,2021-06-01,MAQUILAS,1.0,0.0
1563,2021-06-01,SEGUROS,1.0,0.0
1570,2021-06-01,DERECHOS,1.0,1009.0
1573,2021-06-01,TELEFONO,1.0,2126.5
1574,2021-06-01,MTTO COMPUTO,1.0,2267.8
1576,2021-06-01,SUELDOS VENTAS,1.0,24527.96
1577,2021-06-01,RENTA COPIADORA,1.0,0.0
1578,2021-06-01,SUELDOS PRODUCCION,1.0,10324.95
1581,2021-06-01,PAQUETERIA,1.0,2908.29
1591,2021-06-01,TELEFONO,1.0,0.0
1592,2021-06-01,TELEFONO,1.0,0.0
1593,2021-06-01,SUELDOS PRODUCCION,1.0,25606.95
1596,2021-06-01,PAQUETERIA,1.0,129.68
1598,2021-06-01,TELEFONO,1.0,0.0
1599,2021-06-01,ARRENDAMIENTO FINANCIERO,1.0,5901.64
1600,2021-06-01,ARRENDAMIENTO FINANCIERO,1.0,5901.64
1602,2021-06-01,NO DEDUCIBLE,1.0,80.0
1603,2021-06-01,NO DEDUCIBLE,1.0,3686.0
1604,2021-06-01,NO DEDUCIBLE,1.0,1968.7
1605,2021-06-01,ENERGIA ELECTRICA,1.0,0.0
1610,2021-06-01,CAPACITACION,1.0,6349.2
1613,2021-06-01,PAQUETERIA,1.0,0.0
1614,2021-06-01,VALES DESPENSA,1.0,4224.83
1616,2021-06-01,SUELDOS PRODUCCION,1.0,2074.92
1618,2021-06-01,NO DEDUCIBLE,1.0,256.0
1621,2021-06-01,MTTO LOCAL,1.0,179.8
1627,2021-06-01,MTTO LOCAL,1.0,454.3
1630,2021-06-01,MTTO MAQUINARIA,1.0,7540.0
1631,2021-06-01,UNIFORME,1.0,19743.2
1636,2021-06-01,PAQUETERIA,1.0,129.68
1637,2021-06-01,GASOLINA,1.0,923.33
1639,2021-06-01,ARRENDAMIENTO FINANCIERO,1.0,0.0
1640,2021-06-01,ARRENDAMIENTO FINANCIERO,1.0,0.0
1642,2021-06-01,IMSS/INFONAVIT,1.0,8910.02
1643,2021-06-01,TELEFONO,1.0,3238.9
1647,2021-06-01,GERENCIA ADMON,1.0,28600.0
1653,2021-06-01,CAPACITACION,1.0,0.0
1655,2021-06-01,PAQUETERIA,1.0,0.0
1660,2021-06-01,COMISION BANCARIA,1.0,0.0
1661,2021-06-01,COMISION BANCARIA,1.0,23403.66
1662,2021-06-01,GASOLINA,1.0,17670.88
1664,2021-07-01,PAQUETERIA,1.0,0.0
1665,2021-07-01,PAQUETERIA,1.0,0.0
1666,2021-07-01,MAQUILAS,1.0,42510.8
1667,2021-07-01,ARRENDAMIENTO FINANCIERO,1.0,6439.6
1668,2021-07-01,ARRENDAMIENTO FINANCIERO,1.0,6440.3
1669,2021-07-01,SUELDOS VENTAS,1.0,22617.72
1672,2021-07-01,SUELDOS PRODUCCION,1.0,10366.72
1678,2021-07-01,PAQUETERIA,1.0,1699.04
1679,2021-07-01,MTTO COMPUTO,1.0,1200.19
1680,2021-07-01,SUELDOS PRODUCCION,1.0,21894.49
1683,2021-07-01,MAQUILAS,1.0,0.0
1684,2021-07-01,NO DEDUCIBLE,1.0,117.81
1685,2021-07-01,COMISION BANCARIA,1.0,568.4
1686,2021-07-01,COMISION BANCARIA,1.0,261.0
1687,2021-07-01,COMISION BANCARIA,1.0,0.0
1688,2021-07-01,MTTO LOCAL,1.0,177.3
1689,2021-07-01,MTTO LOCAL,1.0,63.2
1690,2021-07-01,CAPACITACION,1.0,34800.0
1691,2021-07-01,DERECHOS,1.0,168.04
1695,2021-07-01,CAPACITACION,1.0,11600.0
1697,2021-07-01,COMISION BANCARIA,1.0,0.0
1698,2021-07-01,COMISION BANCARIA,19.9062,0.0
1699,2021-07-01,NO DEDUCIBLE,1.0,99.0
1701,2021-07-01,ARRENDAMIENTO FINANCIERO,1.0,0.0
1702,2021-07-01,ARRENDAMIENTO FINANCIERO,1.0,0.0
1707,2021-07-01,MAQUINARIA,1.0,46400.0
1708,2021-07-01,COMISION BANCARIA,1.0,0.0
1709,2021-07-01,MTTO COMPUTO,1.0,25728.8
1711,2021-07-01,CAPACITACION,1.0,0.0
1714,2021-07-01,MTTO COMPUTO,1.0,730.8
1717,2021-07-01,ALIMENTOS,1.0,399.0
1719,2021-07-01,HONORARIOS CONTABLES,1.0,4766.66
1722,2021-07-01,MTTO COMPUTO,1.0,1160.0
1726,2021-07-01,TRANSPORTE,1.0,22.0
1727,2021-07-01,TELEFONO,1.0,549.01
1728,2021-07-01,TELEFONO,1.0,2723.56
1730,2021-07-01,CAPACITACION,1.0,800.0
1732,2021-07-01,MTTO LOCAL,1.0,663.19
1735,2021-07-01,SUELDOS PRODUCCION,1.0,11094.14
1737,2021-07-01,PAPELERIA,1.0,826.2
1738,2021-07-01,PAQUETERIA,1.0,1853.58
1739,2021-07-01,SUELDOS PRODUCCION,1.0,24206.81
1740,2021-07-01,SUELDOS PRODUCCION,1.0,2074.92
1741,2021-07-01,SUELDOS PRODUCCION,1.0,-2074.92
1743,2021-07-01,MTTO COMPUTO,1.0,367.72
1744,2021-07-01,MONITOREO CAMARAS ADT,1.0,1400.65
1745,2021-07-01,SUELDOS VENTAS,1.0,24937.08
1750,2021-07-01,TELEFONO,1.0,0.0
1752,2021-07-01,MENSAJERIA,1.0,277.41
1754,2021-07-01,MONITOREO CAMARAS ADT,1.0,0.0
1761,2021-07-01,SUELDOS DIRECCION,1.0,72498.12
1762,2021-07-01,PEAJES,1.0,368.0
1766,2021-07-01,TELEFONO,1.0,270.16
1771,2021-07-01,NO DEDUCIBLE,1.0,2202.75
1772,2021-07-01,NO DEDUCIBLE,1.0,1814.4
1773,2021-07-01,ENERGIA ELECTRICA,1.0,5538.72
1774,2021-07-01,UNIFORME,1.0,5261.76
1777,2021-07-01,SUELDOS VENTAS,1.0,66483.24
1778,2021-07-01,SUELDOS PRODUCCION,1.0,10802.07
1779,2021-07-01,ALIMENTOS,1.0,900.0
1780,2021-07-01,MTTO COMPUTO,1.0,2818.8
1781,2021-07-01,GERENCIA ADMON,1.0,28600.0
1782,2021-07-01,NO DEDUCIBLE,1.0,90.0
1783,2021-07-01,PAQUETERIA,1.0,1972.75
1785,2021-07-01,MTTO MAQUINARIA,1.0,928.0
1786,2021-07-01,SUELDOS PRODUCCION,1.0,25676.13
1788,2021-07-01,PAQUETERIA,1.0,134.73
1790,2021-07-01,RENTA COPIADORA,1.0,2320.0
1791,2021-07-01,RENTA COPIADORA,1.0,580.0
1792,2021-07-01,GASOLINA,1.0,22724.77
1796,2021-07-01,UNIFORME,1.0,617.25
1797,2021-07-01,GASOLINA,1.0,750.18
1798,2021-07-01,TELEFONO,1.0,0.0
1799,2021-07-01,PAQUETERIA,1.0,0.0
1801,2021-07-01,SEGUROS,1.0,37176.66
1802,2021-07-01,SUSCRIPCIONES,1.0,8352.0
1803,2021-07-01,ALIMENTOS,1.0,620.0
1807,2021-07-01,GASOLINA,1.0,995.0
1808,2021-07-01,DERECHOS,1.0,990.0
1814,2021-07-01,PAQUETERIA,1.0,770.69
1816,2021-07-01,HONORARIOS PF,1.0,17400.0
1817,2021-07-01,SUELDOS VENTAS,1.0,25213.28
1818,2021-07-01,SUELDOS PRODUCCION,1.0,10802.07
1820,2021-07-01,PAQUETERIA,1.0,1244.72
1821,2021-07-01,PAQUETERIA,1.0,490.58
1822,2021-07-01,SUELDOS PRODUCCION,1.0,26338.27
1824,2021-07-01,CAPACITACION,1.0,0.0
1825,2021-07-01,IMSS/INFONAVIT,1.0,17574.74
1828,2021-07-01,PAQUETERIA,1.0,0.0
1829,2021-07-01,TELEFONO,1.0,0.0
1830,2021-07-01,TELEFONO,1.0,0.0
1831,2021-07-01,TELEFONO,1.0,2126.5
1832,2021-07-01,TELEFONO,1.0,0.0
1834,2021-07-01,HONORARIOS PF,1.0,0.0
1835,2021-07-01,MTTO COMPUTO,1.0,2267.8
1841,2021-07-01,MAQUINARIA,20.02,81.22
1848,2021-07-01,ENERGIA ELECTRICA,1.0,0.0
1851,2021-07-01,SUSCRIPCIONES,1.0,0.0
1854,2021-07-01,ARRENDAMIENTO FINANCIERO,1.0,7747.66
1855,2021-07-01,ARRENDAMIENTO FINANCIERO,1.0,7747.66
1856,2021-07-01,MTTO COMPUTO,1.0,330.0
1860,2021-07-01,VALES DESPENSA,1.0,4224.83
1862,2021-07-01,PAQUETERIA,1.0,416.39
1863,2021-07-01,MAQUILAS,1.0,25521.87
1864,2021-07-01,MTTO LOCAL,1.0,328.7
1865,2021-07-01,SUELDOS VENTAS,1.0,21278.22
1866,2021-07-01,NO DEDUCIBLE,1.0,258.25
1867,2021-07-01,NO DEDUCIBLE,1.0,1673.15
1868,2021-07-01,RENTA COPIADORA,1.0,0.0
1869,2021-07-01,SUELDOS PRODUCCION,1.0,9914.94
1870,2021-07-01,IMSS/INFONAVIT,1.0,16549.94
1871,2021-07-01,TELEFONO,1.0,3315.97
1872,2021-07-01,PAQUETERIA,1.0,2030.47
1873,2021-07-01,SUELDOS PRODUCCION,1.0,23011.52
1874,2021-07-01,PAQUETERIA,1.0,0.0
1876,2021-07-01,SEGUROS,1.0,0.0
1879,2021-07-01,GERENCIA ADMON,1.0,28600.0
1881,2021-07-01,PAQUETERIA,1.0,700.9
1883,2021-07-01,PAQUETERIA,1.0,0.0
1884,2021-07-01,COMISION BANCARIA,1.0,23214.44
1885,2021-07-01,COMISION BANCARIA,1.0,0.0
1886,2021-07-01,GASOLINA,1.0,15734.18
1887,2021-08-01,COMISION BANCARIA,1.0,853.76
1888,2021-08-01,COMISION BANCARIA,1.0,174.0
1889,2021-08-01,COMISION BANCARIA,1.0,0.0
1892,2021-08-01,ARRENDAMIENTO FINANCIERO,1.0,6439.6
1893,2021-08-01,ARRENDAMIENTO FINANCIERO,1.0,6440.3
1895,2021-08-01,PAQUETERIA,1.0,619.75
1897,2021-08-01,PAPELERIA,1.0,1038.2
1898,2021-08-01,UNIFORME,1.0,40.05
1899,2021-08-01,CAPACITACION,1.0,11600.0
1905,2021-08-01,ARRENDAMIENTO FINANCIERO,1.0,0.0
1906,2021-08-01,ARRENDAMIENTO FINANCIERO,1.0,0.0
1910,2021-08-01,COMISION BANCARIA,1.0,0.0
1911,2021-08-01,COMISION BANCARIA,19.8455,0.0
1912,2021-08-01,COMISION BANCARIA,1.0,0.0
1918,2021-08-01,MTTO COMPUTO,1.0,417.6
1921,2021-08-01,MENSAJERIA,1.0,0.0
1922,2021-08-01,HONORARIOS CONTABLES,1.0,4766.66
1925,2021-08-01,TELEFONO,1.0,2666.99
1926,2021-08-01,TELEFONO,1.0,549.01
1928,2021-08-01,NO DEDUCIBLE,1.0,488.68
1929,2021-08-01,MTTO LOCAL,1.0,1196.6
1930,2021-08-01,SUELDOS VENTAS,1.0,25622.21
1931,2021-08-01,NO DEDUCIBLE,1.0,422.85
1932,2021-08-01,NO DEDUCIBLE,1.0,906.45
1933,2021-08-01,ALIMENTOS,1.0,399.0
1934,2021-08-01,SUELDOS PRODUCCION,1.0,10802.07
1936,2021-08-01,PAQUETERIA,1.0,538.92
1937,2021-08-01,PAQUETERIA,1.0,0.0
1939,2021-08-01,TRANSPORTE,1.0,22.0
1940,2021-08-01,SUELDOS PRODUCCION,1.0,28705.19
1942,2021-08-01,MTTO COMPUTO,1.0,313.2
1943,2021-08-01,MONITOREO CAMARAS ADT,1.0,1498.7
1944,2021-08-01,MONITOREO CAMARAS ADT,1.0,0.0
1946,2021-08-01,ARRENDAMIENTO FINANCIERO,1.0,0.0
1947,2021-08-01,ARRENDAMIENTO FINANCIERO,1.0,0.0
1950,2021-08-01,ALIMENTOS,1.0,228.0
1953,2021-08-01,IMSS/INFONAVIT,1.0,17898.38
1959,2021-08-01,MTTO COMPUTO,1.0,367.72
1967,2021-08-01,UNIFORME,1.0,0.0
1970,2021-08-01,TELEFONO,1.0,0.0
1973,2021-08-01,SUELDOS VENTAS,1.0,24517.2
1974,2021-08-01,NO DEDUCIBLE,1.0,1367.45
1975,2021-08-01,SUELDOS DIRECCION,1.0,65590.19
1976,2021-08-01,RENTA COPIADORA,1.0,2676.7
1977,2021-08-01,SUELDOS PRODUCCION,1.0,10617.04
1980,2021-08-01,PAQUETERIA,1.0,1459.97
1983,2021-08-01,SUELDOS PRODUCCION,1.0,29008.47
1987,2021-08-01,ENERGIA ELECTRICA,1.0,6183.94
1993,2021-08-01,GERENCIA ADMON,1.0,26693.32
1994,2021-08-01,TELEFONO,1.0,245.41
1995,2021-08-01,SUELDOS PRODUCCION,1.0,4455.06
1996,2021-08-01,ALIMENTOS,1.0,152.0
1997,2021-08-01,PAQUETERIA,1.0,0.0
2000,2021-08-01,MTTO TRANSPORTE,1.0,1540.0
2004,2021-08-01,SANITIZACION,1.0,1126.48
2006,2021-08-01,ARRENDAMIENTO LOCAL,1.0,24786.66
2018,2021-08-01,PAQUETERIA,1.0,129.67
2023,2021-08-01,PAPELERIA,1.0,69.0
2025,2021-08-01,HONORARIOS PM,1.0,3480.0
2027,2021-08-01,SANITIZACION,1.0,1219.1
2029,2021-08-01,MTTO TRANSPORTE,1.0,3480.0
2030,2021-08-01,HONORARIOS PM,1.0,3480.0
2031,2021-08-01,HONORARIOS PM,1.0,0.0
2032,2021-08-01,SUELDOS PRODUCCION,1.0,4194.39
2033,2021-08-01,SUELDOS PRODUCCION,1.0,14984.43
2036,2021-08-01,PAQUETERIA,1.0,0.0
2037,2021-08-01,SUELDOS VENTAS,1.0,25696.39
2038,2021-08-01,SUELDOS PRODUCCION,1.0,10802.07
2039,2021-08-01,MTTO COMPUTO,1.0,99.01
2041,2021-08-01,PAQUETERIA,1.0,1689.34
2042,2021-08-01,SUELDOS PRODUCCION,1.0,25820.76
2046,2021-08-01,MAQUILAS,1.0,17014.58
2047,2021-08-01,MAQUILAS,1.0,28035.49
2050,2021-08-01,SUSCRIPCIONES,1.0,140.0
2051,2021-08-01,RENTA COPIADORA,1.0,0.0
2054,2021-08-01,TELEFONO,1.0,0.0
2056,2021-08-01,ALIMENTOS,1.0,190.0
2059,2021-08-01,DERECHOS,1.0,986.0
2062,2021-08-01,MTTO COMPUTO,1.0,3480.0
2063,2021-08-01,PAPELERIA,1.0,12756.91
2064,2021-08-01,MTTO COMPUTO,1.0,2267.8
2069,2021-08-01,TELEFONO,1.0,2126.5
2071,2021-08-01,PAQUETERIA,1.0,134.74
2073,2021-08-01,TELEFONO,1.0,0.0
2075,2021-08-01,IMSS/INFONAVIT,1.0,8780.97
2077,2021-08-01,GASOLINA,1.0,402.6
2078,2021-08-01,HONORARIOS JURIDICOS,1.0,3165.72
2079,2021-08-01,PAQUETERIA,1.0,0.0
2080,2021-08-01,COMISION MIXTA,1.0,5000.0
2081,2021-08-01,COMISION MIXTA,1.0,27290.73
2084,2021-08-01,NO DEDUCIBLE,1.0,3786.35
2085,2021-08-01,NO DEDUCIBLE,1.0,1809.15
2086,2021-08-01,NO DEDUCIBLE,1.0,1925.0
2087,2021-08-01,PAPELERIA,1.0,1500.0
2090,2021-08-01,MAQUINARIA,20.29,81.22
2091,2021-08-01,PAQUETERIA,1.0,2294.48
2093,2021-08-01,HONORARIOS PM,1.0,0.0
2094,2021-08-01,TELEFONO,1.0,0.0
2095,2021-08-01,TELEFONO,1.0,0.0
2096,2021-08-01,PAQUETERIA,1.0,276.64
2105,2021-08-01,PAQUETERIA,1.0,0.0
2108,2021-08-01,ALIMENTOS,1.0,190.0
2110,2021-08-01,ENERGIA ELECTRICA,1.0,0.0
2111,2021-08-01,NO DEDUCIBLE,1.0,1799.35
2112,2021-08-01,TELEFONO,1.0,3470.09
2117,2021-08-01,PEAJES,1.0,172.0
2118,2021-08-01,TELEFONO,1.0,0.0
2121,2021-08-01,GERENCIA ADMON,1.0,28600.0
2125,2021-08-01,GASOLINA,1.0,22724.77
2126,2021-08-01,PEAJES,1.0,53.0
2127,2021-08-01,COMISION BANCARIA,1.0,0.0
2128,2021-08-01,COMISION BANCARIA,1.0,23663.42
2129,2021-08-01,GASOLINA,1.0,16260.01
2132,2021-09-01,HONORARIOS JURIDICOS,1.0,3146.62
2133,2021-09-01,COMISION MIXTA,1.0,27126.01
2135,2021-09-01,ARRENDAMIENTO FINANCIERO,1.0,6439.6
2136,2021-09-01,ARRENDAMIENTO FINANCIERO,1.0,6440.3
2140,2021-09-01,PAQUETERIA,1.0,730.46
2148,2021-09-01,COMISION BANCARIA,1.0,853.76
2149,2021-09-01,COMISION BANCARIA,1.0,0.0
2153,2021-09-01,COMISION BANCARIA,1.0,0.0
2158,2021-09-01,PAQUETERIA,1.0,994.0
2159,2021-09-01,MTTO MAQUINARIA,1.0,2320.0
2163,2021-09-01,TRANSPORTE,1.0,209.99
2164,2021-09-01,ARRENDAMIENTO FINANCIERO,1.0,0.0
2165,2021-09-01,ARRENDAMIENTO FINANCIERO,1.0,0.0
2166,2021-09-01,NO DEDUCIBLE,1.0,1159.15
2167,2021-09-01,PAQUETERIA,1.0,0.0
2170,2021-09-01,COMISION BANCARIA,1.0,0.0
2171,2021-09-01,COMISION BANCARIA,20.0605,0.0
2174,2021-09-01,PAQUETERIA,1.0,394.74
2176,2021-09-01,TRANSPORTE,1.0,22.0
2177,2021-09-01,TELEFONO,1.0,549.01
2178,2021-09-01,TELEFONO,1.0,2687.1
2182,2021-09-01,ALIMENTOS,1.0,152.0
2184,2021-09-01,HOSPEDAJE,1.0,1385.5
2185,2021-09-01,MTTO COMPUTO,1.0,417.6
2186,2021-09-01,CAPACITACION,1.0,500.0
2187,2021-09-01,ARRENDAMIENTO LOCAL,1.0,24786.66
2196,2021-09-01,MTTO COMPUTO,1.0,313.2
2199,2021-09-01,MTTO LOCAL,1.0,669.82
2202,2021-09-01,HONORARIOS CONTABLES,1.0,4766.66
2209,2021-09-01,HONORARIOS JURIDICOS,1.0,3041.06
2210,2021-09-01,MONITOREO CAMARAS ADT,1.0,1498.7
2211,2021-09-01,SEGUROS,1.0,-4923.41
2212,2021-09-01,COMISION MIXTA,1.0,26216.01
2216,2021-09-01,PAQUETERIA,1.0,0.0
2219,2021-09-01,TRANSPORTE,1.0,22.0
2220,2021-09-01,PAQUETERIA,1.0,1400.0
2221,2021-09-01,CAPACITACION,1.0,11600.0
2223,2021-09-01,TRANSPORTE,1.0,449.96
2224,2021-09-01,MTTO COMPUTO,1.0,367.72
2226,2021-09-01,COMISION MIXTA,1.0,26216.01
2228,2021-09-01,UNIFORME,1.0,3294.17
2229,2021-09-01,PAQUETERIA,1.0,1639.7
2233,2021-09-01,CAPACITACION,1.0,4176.0
2236,2021-09-01,PUBLICIDAD,1.0,300.0
2237,2021-09-01,PUBLICIDAD,1.0,400.0
2238,2021-09-01,PUBLICIDAD,1.0,1250.0
2240,2021-09-01,ALIMENTOS,1.0,152.0
2241,2021-09-01,TELEFONO,1.0,270.16
2242,2021-09-01,ENERGIA ELECTRICA,1.0,6932.38
2243,2021-09-01,SUELDOS DIRECCION,1.0,61847.99
2248,2021-09-01,HONORARIOS JURIDICOS,1.0,3003.36
2249,2021-09-01,COMISION MIXTA,1.0,25891.01
2250,2021-09-01,FLETE,1.0,3360.0
2254,2021-09-01,NO DEDUCIBLE,1.0,2055.5
2255,2021-09-01,NO DEDUCIBLE,1.0,504.0
2256,2021-09-01,NO DEDUCIBLE,1.0,2172.75
2257,2021-09-01,GERENCIA ADMON,1.0,28600.0
2258,2021-09-01,PAQUETERIA,1.0,2422.55
2261,2021-09-01,MTTO COMPUTO,1.0,3480.0
2262,2021-09-01,MTTO COMPUTO,1.0,2088.0
2263,2021-09-01,ALIMENTOS,1.0,5278.0
2265,2021-09-01,TELEFONO,1.0,0.0
2267,2021-09-01,NO DEDUCIBLE,1.0,307.0
2269,2021-09-01,SANITIZACION,1.0,0.0
2273,2021-09-01,DERECHOS,1.0,1350.0
2276,2021-09-01,PAQUETERIA,1.0,0.0
2277,2021-09-01,PAPELERIA,1.0,1885.64
2278,2021-09-01,PAPELERIA,1.0,253.99
2281,2021-09-01,ALIMENTOS,1.0,399.0
2289,2021-09-01,MTTO COMPUTO,1.0,3450.0
2291,2021-09-01,HONORARIOS JURIDICOS,1.0,2985.96
2292,2021-09-01,MAQUILAS,1.0,18690.36
2293,2021-09-01,COMISION MIXTA,1.0,25741.01
2294,2021-09-01,ALIMENTOS,1.0,152.0
2296,2021-09-01,RENTA COPIADORA,1.0,2320.0
2298,2021-09-01,GASOLINA,1.0,115.08
2299,2021-09-01,TRANSPORTE,1.0,22.0
2300,2021-09-01,MONITOREO CAMARAS ADT,1.0,0.0
2304,2021-09-01,PAQUETERIA,1.0,1004.39
2305,2021-09-01,ALIMENTOS,1.0,5278.0
2306,2021-09-01,ALIMENTOS,1.0,5278.0
2311,2021-09-01,MTTO COMPUTO,1.0,2267.8
2312,2021-09-01,MTTO COMPUTO,1.0,119.0
2313,2021-09-01,CAPACITACION,1.0,0.0
2315,2021-09-01,TELEFONO,1.0,0.0
2316,2021-09-01,TELEFONO,1.0,0.0
2318,2021-09-01,TELEFONO,1.0,0.0
2320,2021-09-01,PAQUETERIA,1.0,0.0
2321,2021-09-01,TELEFONO,1.0,2126.5
2327,2021-09-01,IMSS/INFONAVIT,1.0,27200.37
2332,2021-09-01,HONORARIOS JURIDICOS,1.0,4334.56
2333,2021-09-01,COMISION MIXTA,1.0,37366.89
2334,2021-09-01,ALIMENTOS,1.0,152.0
2336,2021-09-01,ALIMENTOS,1.0,813.0
2337,2021-09-01,SEGUROS,1.0,0.0
2338,2021-09-01,MAQUINARIA,1.0,406.0
2339,2021-09-01,TELEFONO,1.0,3481.28
2341,2021-09-01,GERENCIA ADMON,1.0,28600.0
2343,2021-09-01,MTTO LOCAL,1.0,1392.0
2346,2021-09-01,TRANSPORTE,1.0,449.96
2347,2021-09-01,PEAJES,1.0,218.0
2348,2021-09-01,PEAJES,1.0,92.0
2352,2021-09-01,PAPELERIA,1.0,939.86
2353,2021-09-01,PAQUETERIA,1.0,1445.06
2355,2021-09-01,MAQUINARIA,1.0,3478.84
2358,2021-09-01,COMISION BANCARIA,1.0,0.0
2359,2021-09-01,COMISION BANCARIA,1.0,23770.53
2360,2021-09-01,GASOLINA,1.0,17375.0
2361,2021-10-01,COMISION BANCARIA,1.0,1139.12
2362,2021-10-01,COMISION BANCARIA,1.0,0.0
2367,2021-10-01,ENERGIA ELECTRICA,1.0,0.0
2368,2021-10-01,PAQUETERIA,1.0,731.11
2369,2021-10-01,PAPELERIA,1.0,269.12
2373,2021-10-01,ARRENDAMIENTO FINANCIERO,1.0,6439.6
2374,2021-10-01,ARRENDAMIENTO FINANCIERO,1.0,6440.3
2375,2021-10-01,TELEFONO,1.0,549.01
2376,2021-10-01,TELEFONO,1.0,2688.87
2377,2021-10-01,TRANSPORTE,1.0,466.56
2381,2021-10-01,MTTO TRANSPORTE,1.0,240.0
2382,2021-10-01,PAQUETERIA,1.0,158.06
2383,2021-10-01,MTTO COMPUTO,1.0,417.6
2384,2021-10-01,ARRENDAMIENTO FINANCIERO,1.0,0.0
2385,2021-10-01,ARRENDAMIENTO FINANCIERO,1.0,0.0
2387,2021-10-01,NO DEDUCIBLE,1.0,2738.4
2388,2021-10-01,CAPACITACION,1.0,9533.33
2389,2021-10-01,COMISION BANCARIA,1.0,0.0
2390,2021-10-01,COMISION BANCARIA,20.5623,0.0
2391,2021-10-01,COMISION BANCARIA,1.0,0.0
2392,2021-10-01,IMSS/INFONAVIT,1.0,17838.86
2393,2021-10-01,IMSS/INFONAVIT,1.0,20321.89
2394,2021-10-01,HONORARIOS CONTABLES,1.0,4766.66
2400,2021-10-01,HONORARIOS JURIDICOS,1.0,3174.73
2401,2021-10-01,PAQUETERIA,1.0,0.0
2402,2021-10-01,PAQUETERIA,1.0,175.8
2403,2021-10-01,MTTO COMPUTO,1.0,313.2
2404,2021-10-01,COMISION MIXTA,1.0,27368.37
2405,2021-10-01,ALIMENTOS,1.0,152.0
2425,2021-10-01,PAQUETERIA,1.0,0.0
2426,2021-10-01,MAQUILAS,1.0,22689.6
2428,2021-10-01,MONITOREO CAMARAS ADT,1.0,1498.7
2429,2021-10-01,MONITOREO CAMARAS ADT,1.0,0.0
2430,2021-10-01,MTTO LOCAL,1.0,875.5
2433,2021-10-01,PAQUETERIA,1.0,3168.78
2445,2021-10-01,TELEFONO,1.0,0.0
2448,2021-10-01,ARRENDAMIENTO LOCAL,1.0,24786.66
2451,2021-10-01,PAPELERIA,1.0,259.0
2452,2021-10-01,UNIFORME,1.0,674.96
2453,2021-10-01,CAPACITACION,1.0,11600.0
2454,2021-10-01,NO DEDUCIBLE,1.0,675.8
2455,2021-10-01,NO DEDUCIBLE,1.0,976.25
2458,2021-10-01,MTTO COMPUTO,1.0,367.72
2460,2021-10-01,ALIMENTOS,1.0,399.0
2461,2021-10-01,RENTA COPIADORA,1.0,0.0
2462,2021-10-01,GASOLINA,1.0,22724.77
2468,2021-10-01,PAPELERIA,1.0,298.0
2474,2021-10-01,HONORARIOS JURIDICOS,1.0,4640.47
2475,2021-10-01,CAPACITACION,1.0,500.0
2477,2021-10-01,COMISION MIXTA,1.0,40004.03
2478,2021-10-01,ALIMENTOS,1.0,152.0
2480,2021-10-01,NO DEDUCIBLE,1.0,379.0
2481,2021-10-01,SUELDOS DIRECCION,1.0,46904.17
2484,2021-10-01,TELEFONO,1.0,248.95
2487,2021-10-01,RENTA COPIADORA,1.0,2320.0
2491,2021-10-01,GERENCIA ADMON,1.0,26693.32
2492,2021-10-01,PAQUETERIA,1.0,306.6
2494,2021-10-01,CAPACITACION,1.0,5270.0
2501,2021-10-01,MTTO COMPUTO,1.0,3480.0
2502,2021-10-01,ALIMENTOS,1.0,620.0
2509,2021-10-01,CAPACITACION,1.0,4500.0
2515,2021-10-01,NO DEDUCIBLE,1.0,1713.1
2516,2021-10-01,NO DEDUCIBLE,1.0,2489.2
2517,2021-10-01,SEGUROS,1.0,0.0
2519,2021-10-01,HONORARIOS JURIDICOS,1.0,3077.99
2520,2021-10-01,COMISION MIXTA,1.0,26534.41
2521,2021-10-01,DERECHOS,1.0,3375.0
2524,2021-10-01,PAQUETERIA,1.0,731.03
2526,2021-10-01,PAQUETERIA,1.0,3312.13
2527,2021-10-01,TELEFONO,1.0,0.0
2528,2021-10-01,MAQUILAS,1.0,0.0
2533,2021-10-01,PAQUETERIA,1.0,0.0
2534,2021-10-01,NO DEDUCIBLE,1.0,579.0
2535,2021-10-01,TELEFONO,1.0,0.0
2536,2021-10-01,TELEFONO,1.0,0.0
2541,2021-10-01,TELEFONO,1.0,0.0
2544,2021-10-01,RENTA COPIADORA,1.0,0.0
2546,2021-10-01,SUSCRIPCIONES,1.0,8352.0
2548,2021-10-01,TELEFONO,1.0,2126.5
2551,2021-10-01,IMSS/INFONAVIT,1.0,25293.49
2556,2021-10-01,HONORARIOS JURIDICOS,1.0,3306.68
2557,2021-10-01,MTTO COMPUTO,1.0,2267.8
2558,2021-10-01,COMISION MIXTA,1.0,28505.87
2559,2021-10-01,ALIMENTOS,1.0,156.0
2561,2021-10-01,MTTO COMPUTO,1.0,2726.0
2562,2021-10-01,SUSCRIPCIONES,1.0,0.0
2563,2021-10-01,PAQUETERIA,1.0,0.0
2568,2021-10-01,GERENCIA ADMON,1.0,26693.32
2569,2021-10-01,PAQUETERIA,1.0,1615.48
2570,2021-10-01,PAQUETERIA,1.0,133.62
2573,2021-10-01,NO DEDUCIBLE,1.0,328.0
2574,2021-10-01,NO DEDUCIBLE,1.0,264.0
2575,2021-10-01,NO DEDUCIBLE,1.0,2352.0
2576,2021-10-01,TELEFONO,1.0,3470.09
2577,2021-10-01,UNIFORME,1.0,13734.4
2581,2021-10-01,COMISION BANCARIA,1.0,568.4
2582,2021-10-01,COMISION BANCARIA,1.0,0.0
2587,2021-10-01,COMISION BANCARIA,1.0,0.0
2588,2021-10-01,COMISION BANCARIA,1.0,24645.9
2589,2021-10-01,GASOLINA,1.0,15010.0
2591,2021-11-01,ARRENDAMIENTO FINANCIERO,1.0,6439.6
2592,2021-11-01,ARRENDAMIENTO FINANCIERO,1.0,6440.3
2594,2021-11-01,COMISION BANCARIA,1.0,0.0
2595,2021-11-01,COMISION BANCARIA,20.5297,0.0
2596,2021-11-01,TELEFONO,1.0,2683.57
2597,2021-11-01,TELEFONO,1.0,549.01
2598,2021-11-01,HONORARIOS JURIDICOS,1.0,3232.73
2599,2021-11-01,NO DEDUCIBLE,1.0,979.02
2600,2021-11-01,COMISION MIXTA,1.0,27868.37
2602,2021-11-01,UNIFORME,1.0,0.0
2603,2021-11-01,COMISION BANCARIA,1.0,0.0
2604,2021-11-01,MTTO MAQUINARIA,1.0,300.0
2607,2021-11-01,SANITIZACION,1.0,2262.0
2608,2021-11-01,MTTO LOCAL,1.0,315.0
2612,2021-11-01,PAQUETERIA,1.0,0.0
2613,2021-11-01,MTTO COMPUTO,1.0,417.6
2614,2021-11-01,ARRENDAMIENTO FINANCIERO,1.0,0.0
2615,2021-11-01,ARRENDAMIENTO FINANCIERO,1.0,0.0
2616,2021-11-01,HONORARIOS CONTABLES,1.0,4766.66
2619,2021-11-01,MTTO COMPUTO,1.0,6032.0
2620,2021-11-01,PAQUETERIA,1.0,303.96
2621,2021-11-01,CAPACITACION,1.0,11600.0
2628,2021-11-01,NO DEDUCIBLE,1.0,5685.19
2632,2021-11-01,GASOLINA,1.0,448.76
2633,2021-11-01,ALIMENTOS,1.0,195.0
2634,2021-11-01,SUSCRIPCIONES,1.0,174.8
2637,2021-11-01,TELEFONO,1.0,0.0
2641,2021-11-01,MTTO COMPUTO,1.0,313.2
2642,2021-11-01,ARRENDAMIENTO LOCAL,1.0,24786.66
2643,2021-11-01,DERECHOS,1.0,2800.0
2644,2021-11-01,SUELDOS DIRECCION,1.0,47901.14
2645,2021-11-01,GASOLINA,1.0,10348.0
2653,2021-11-01,MTTO COMPUTO,1.0,367.72
2654,2021-11-01,MTTO LOCAL,1.0,819.0
2655,2021-11-01,BOTIQUIN,1.0,213.42
2656,2021-11-01,BOTIQUIN,1.0,439.77
2658,2021-11-01,MTTO TRANSPORTE,1.0,3975.01
2659,2021-11-01,MTTO TRANSPORTE,1.0,3875.0
2662,2021-11-01,HONORARIOS JURIDICOS,1.0,5919.63
2663,2021-11-01,MONITOREO CAMARAS ADT,1.0,1498.7
2664,2021-11-01,COMISION MIXTA,1.0,51031.27
2666,2021-11-01,ALIMENTOS,1.0,78.0
2667,2021-11-01,BOTIQUIN,1.0,104.51
2671,2021-11-01,NO DEDUCIBLE,1.0,690.0
2674,2021-11-01,NO DEDUCIBLE,1.0,1975.7
2675,2021-11-01,ENERGIA ELECTRICA,1.0,5508.32
2676,2021-11-01,RENTA OFICINA ,1.0,609.0
2678,2021-11-01,PAQUETERIA,1.0,3155.41
2681,2021-11-01,MAQUILAS,1.0,107288.28
2682,2021-11-01,NO DEDUCIBLE,1.0,2297.18
2683,2021-11-01,ALIMENTOS,1.0,399.0
2684,2021-11-01,GERENCIA ADMON,1.0,28600.0
2687,2021-11-01,TELEFONO,1.0,248.95
2688,2021-11-01,NO DEDUCIBLE,1.0,99.0
2690,2021-11-01,NO DEDUCIBLE,1.0,1649.0
2694,2021-11-01,MTTO COMPUTO,1.0,7335.84
2695,2021-11-01,MTTO TRANSPORTE,1.0,13464.8
2702,2021-11-01,PAQUETERIA,1.0,0.0
2703,2021-11-01,PUBLICIDAD,1.0,10788.0
2704,2021-11-01,PUBLICIDAD,1.0,-1250.0
2707,2021-11-01,HONORARIOS JURIDICOS,1.0,3132.6
2708,2021-11-01,NO DEDUCIBLE,1.0,8364.41
2709,2021-11-01,NO DEDUCIBLE,1.0,696.0
2710,2021-11-01,COMISION MIXTA,1.0,27105.16
2712,2021-11-01,NO DEDUCIBLE,1.0,559.0
2717,2021-11-01,PAQUETERIA,1.0,2998.12
2718,2021-11-01,PAPELERIA,1.0,1447.43
2720,2021-11-01,PAQUETERIA,1.0,147.57
2721,2021-11-01,NO DEDUCIBLE,1.0,2079.89
2722,2021-11-01,NO DEDUCIBLE,1.0,224.54
2723,2021-11-01,NO DEDUCIBLE,1.0,468.0
2724,2021-11-01,RENTA COPIADORA,1.0,2320.0
2725,2021-11-01,MTTO COMPUTO,1.0,39.0
2726,2021-11-01,CAPACITACION,1.0,9533.33
2727,2021-11-01,MTTO COMPUTO,1.0,0.0
2728,2021-11-01,PUBLICIDAD,1.0,1044.0
2734,2021-11-01,MTTO TRANSPORTE,1.0,4349.98
2736,2021-11-01,ALIMENTOS,1.0,195.0
2737,2021-11-01,TELEFONO,1.0,0.0
2740,2021-11-01,PAQUETERIA,1.0,1688.62
2741,2021-11-01,UNIFORME,1.0,214.6
2745,2021-11-01,PAQUETERIA,1.0,0.0
2746,2021-11-01,NO DEDUCIBLE,1.0,432.9
2747,2021-11-01,NO DEDUCIBLE,1.0,2226.25
2748,2021-11-01,RENTA OFICINA ,1.0,0.0
2750,2021-11-01,HONORARIOS JURIDICOS,1.0,5572.96
2751,2021-11-01,PAQUETERIA,1.0,133.62
2752,2021-11-01,MTTO COMPUTO,1.0,2267.8
2753,2021-11-01,COMISION MIXTA,1.0,48042.84
2755,2021-11-01,MENSAJERIA,1.0,10640.0
2757,2021-11-01,ENERGIA ELECTRICA,1.0,0.0
2758,2021-11-01,IMSS/INFONAVIT,1.0,51223.7
2761,2021-11-01,PAPELERIA,1.0,211.39
2765,2021-11-01,TELEFONO,1.0,0.0
2768,2021-11-01,SUSCRIPCIONES,1.0,-174.8
2770,2021-11-01,DERECHOS,1.0,2909.0
2774,2021-11-01,PAQUETERIA,1.0,2648.05
2775,2021-11-01,PUBLICIDAD,1.0,2610.0
2776,2021-11-01,PUBLICIDAD,1.0,-300.0
2777,2021-11-01,TELEFONO,1.0,0.0
2778,2021-11-01,TELEFONO,1.0,2126.5
2779,2021-11-01,TELEFONO,1.0,0.0
2782,2021-11-01,MTTO LOCAL,1.0,170.0
2784,2021-11-01,PAPELERIA,1.0,-118.09
2785,2021-11-01,NO DEDUCIBLE,1.0,232.0
2786,2021-11-01,ALIMENTOS,1.0,117.0
2787,2021-11-01,IMSS/INFONAVIT,1.0,50100.49
2789,2021-11-01,PAQUETERIA,1.0,0.0
2790,2021-11-01,NO DEDUCIBLE,1.0,221.0
2791,2021-11-01,GASOLINA,1.0,1000.0
2793,2021-11-01,TELEFONO,1.0,3470.09
2798,2021-11-01,MAQUILAS,1.0,350000.0
2799,2021-11-01,NO DEDUCIBLE,1.0,468.72
2802,2021-11-01,MENSAJERIA,1.0,0.0
2803,2021-11-01,MTTO LOCAL,1.0,528.4
2808,2021-11-01,GERENCIA ADMON,1.0,28600.0
2809,2021-11-01,UNIFORME,1.0,499.0
2810,2021-11-01,COMISION BANCARIA,1.0,0.0
2812,2021-11-01,COMISION BANCARIA,1.0,24268.93
2813,2021-11-01,GASOLINA,1.0,15326.29
2817,2021-12-01,HONORARIOS JURIDICOS,1.0,3364.35
2818,2021-12-01,NO DEDUCIBLE,1.0,251.67
2819,2021-12-01,COMISION MIXTA,1.0,29003.02
2820,2021-12-01,ARRENDAMIENTO FINANCIERO,1.0,6439.6
2821,2021-12-01,ARRENDAMIENTO FINANCIERO,1.0,6440.3
2822,2021-12-01,COMISION BANCARIA,1.0,568.4
2823,2021-12-01,COMISION BANCARIA,1.0,0.0
2825,2021-12-01,GASTOS IMPORTACION ,21.4453,446.6
2826,2021-12-01,GASTOS IMPORTACION ,1.0,0.0
2827,2021-12-01,GASTOS IMPORTACION ,1.0,0.0
2831,2021-12-01,CAPACITACION,1.0,5270.0
2832,2021-12-01,CAPACITACION,1.0,5270.0
2834,2021-12-01,PAQUETERIA,1.0,133.62
2835,2021-12-01,MTTO LOCAL,1.0,81.2
2836,2021-12-01,RENTA COPIADORA,1.0,0.0
2837,2021-12-01,HONORARIOS CONTABLES,1.0,4766.66
2839,2021-12-01,PAQUETERIA,1.0,3349.29
2842,2021-12-01,ARRENDAMIENTO FINANCIERO,1.0,0.0
2843,2021-12-01,ARRENDAMIENTO FINANCIERO,1.0,0.0
2844,2021-12-01,PAQUETERIA,1.0,0.0
2845,2021-12-01,COMISION BANCARIA,1.0,0.0
2846,2021-12-01,COMISION BANCARIA,21.4453,0.0
2847,2021-12-01,COMISION BANCARIA,1.0,0.0
2850,2021-12-01,PUBLICIDAD,1.0,3398.8
2851,2021-12-01,PUBLICIDAD,1.0,-400.0
2855,2021-12-01,TELEFONO,1.0,549.01
2856,2021-12-01,TELEFONO,1.0,2683.57
2857,2021-12-01,ALIMENTOS,1.0,117.0
2858,2021-12-01,MTTO MAQUINARIA,1.0,928.0
2859,2021-12-01,MTTO MAQUINARIA,1.0,928.0
2860,2021-12-01,CAPACITACION,1.0,0.0
2861,2021-12-01,MTTO LOCAL,1.0,0.0
2862,2021-12-01,PAQUETERIA,1.0,0.0
2863,2021-12-01,MTTO COMPUTO,1.0,417.6
2865,2021-12-01,MTTO MAQUINARIA,1.0,4361.6
2866,2021-12-01,CAPACITACION,1.0,11600.0
2868,2021-12-01,MTTO COMPUTO,1.0,313.2
2874,2021-12-01,NO DEDUCIBLE,1.0,2283.65
2875,2021-12-01,PAPELERIA,1.0,1280.0
2878,2021-12-01,HONORARIOS JURIDICOS,1.0,4009.39
2881,2021-12-01,MONITOREO CAMARAS ADT,1.0,1498.7
2882,2021-12-01,COMISION MIXTA,1.0,34563.74
2886,2021-12-01,GASOLINA,1.0,10348.0
2889,2021-12-01,PAQUETERIA,1.0,0.0
2892,2021-12-01,CAPACITACION,1.0,0.0
2893,2021-12-01,MTTO MAQUINARIA,1.0,881.6
2894,2021-12-01,MTTO MAQUINARIA,1.0,870.0
2898,2021-12-01,HONORARIOS JURIDICOS,1.0,11513.15
2899,2021-12-01,MTTO COMPUTO,1.0,367.72
2900,2021-12-01,NO DEDUCIBLE,1.0,199.0
2901,2021-12-01,MONITOREO CAMARAS ADT,1.0,0.0
2902,2021-12-01,HONORARIOS PF,1.0,1500.01
2903,2021-12-01,PAQUETERIA,1.0,2781.15
2906,2021-12-01,ALIMENTOS,1.0,156.0
2908,2021-12-01,ALIMENTOS,1.0,399.0
2909,2021-12-01,SUELDOS DIRECCION,1.0,79779.48
2912,2021-12-01,NO DEDUCIBLE,1.0,212.7
2913,2021-12-01,PUBLICIDAD,1.0,0.0
2915,2021-12-01,PAPELERIA,1.0,3170.58
2918,2021-12-01,NO DEDUCIBLE,1.0,99.0
2919,2021-12-01,NO DEDUCIBLE,1.0,688.88
2920,2021-12-01,NO DEDUCIBLE,1.0,10599.0
2921,2021-12-01,NO DEDUCIBLE,1.0,349.89
2922,2021-12-01,NO DEDUCIBLE,1.0,283.8
2923,2021-12-01,TELEFONO,1.0,254.25
2924,2021-12-01,HOSPEDAJE ,1.0,898.0
2927,2021-12-01,HONORARIOS JURIDICOS,1.0,5124.0
2928,2021-12-01,NO DEDUCIBLE,1.0,126.44
2929,2021-12-01,COMISION MIXTA,1.0,44172.36
2931,2021-12-01,ENERGIA ELECTRICA,1.0,5984.98
2932,2021-12-01,PAQUETERIA,1.0,0.0
2933,2021-12-01,HOSPEDAJE ,1.0,898.0
2938,2021-12-01,HONORARIOS JURIDICOS,1.0,3118.88
2940,2021-12-01,NO DEDUCIBLE,1.0,276.21
2941,2021-12-01,COMISION MIXTA,1.0,26886.9
2944,2021-12-01,ALIMENTOS,1.0,3335.0
2946,2021-12-01,RENTA COPIADORA,1.0,2320.0
2949,2021-12-01,GERENCIA ADMON,1.0,26693.32
2950,2021-12-01,NO DEDUCIBLE,1.0,82.5
2951,2021-12-01,NO DEDUCIBLE,1.0,499.0
2953,2021-12-01,MTTO COMPUTO,1.0,7335.84
2954,2021-12-01,PAQUETERIA,1.0,1918.2
2957,2021-12-01,TRANSPORTE,1.0,225.01
2958,2021-12-01,MTTO LOCAL,1.0,578.7
2960,2021-12-01,NO DEDUCIBLE,1.0,874.35
2961,2021-12-01,NO DEDUCIBLE,1.0,537.0
2962,2021-12-01,MTTO COMPUTO,1.0,249.01
2963,2021-12-01,MTTO LOCAL,1.0,487.2
2964,2021-12-01,TRANSPORTE,1.0,22.0
2965,2021-12-01,ALIMENTOS,1.0,156.0
2967,2021-12-01,DERECHOS,1.0,3658.0
2979,2021-12-01,PAQUETERIA,1.0,0.0
2983,2021-12-01,HONORARIOS JURIDICOS,1.0,3157.5
2984,2021-12-01,COMBUSTIBLE ,1.0,1499.67
2985,2021-12-01,MAQUILAS,1.0,9570.0
2986,2021-12-01,MAQUILAS,1.0,22794.0
2987,2021-12-01,COMISION MIXTA,1.0,27219.82
2988,2021-12-01,COMBUSTIBLE ,1.0,600.0
2989,2021-12-01,ALIMENTOS,1.0,1665.02
2991,2021-12-01,GASOLINA,1.0,335.0
2992,2021-12-01,PAQUETERIA,1.0,200.8
2994,2021-12-01,NO DEDUCIBLE,1.0,99.0
2996,2021-12-01,IMSS/INFONAVIT,1.0,27798.96
2998,2021-12-01,MTTO MAQUINARIA,1.0,1392.0
2999,2021-12-01,MTTO MAQUINARIA,1.0,1508.0
3000,2021-12-01,MTTO MAQUINARIA,1.0,928.0
3001,2021-12-01,HONORARIOS JURIDICOS,1.0,3797.86
3002,2021-12-01,MTTO COMPUTO,1.0,2267.8
3003,2021-12-01,NO DEDUCIBLE,1.0,280.0
3004,2021-12-01,COMISION MIXTA,1.0,32740.17
3005,2021-12-01,ENERGIA ELECTRICA,1.0,0.0
3007,2021-12-01,PAQUETERIA,1.0,1102.03
3008,2021-12-01,TELEFONO,1.0,0.0
3009,2021-12-01,TELEFONO,1.0,0.0
3011,2021-12-01,TELEFONO,1.0,0.0
3012,2021-12-01,SUSCRIPCIONES,1.0,224.1
3013,2021-12-01,TELEFONO,1.0,2126.5
3014,2021-12-01,MTTO OFICINA ,1.0,58000.0
3015,2021-12-01,MEDICOS,1.0,5104.0
3016,2021-12-01,GERENCIA ADMON,1.0,28600.0
3017,2021-12-01,NO DEDUCIBLE,1.0,3096.19
3018,2021-12-01,MTTO MAQUINARIA,1.0,3960.01
3024,2021-12-01,TELEFONO,1.0,3470.09
3025,2021-12-01,MTTO COMPUTO,1.0,0.0
3026,2021-12-01,PAPELERIA,1.0,681.7
3027,2021-12-01,NO DEDUCIBLE,1.0,1030.86
3028,2021-12-01,PAQUETERIA,1.0,920.77
3029,2021-12-01,PUBLICIDAD,1.0,0.0
3030,2021-12-01,PUBLICIDAD,1.0,0.0
3032,2021-12-01,COMISION BANCARIA,1.0,23532.04
3033,2021-12-01,COMISION BANCARIA,1.0,0.0
3034,2021-12-01,GASOLINA,1.0,15656.15
